Store,Avg_Forecast_Demand,Avg_Inventory_Coverage,Avg_Volatility,Total_Replenishment,High_Risk_Weeks
1,25815.50018302989,0.7935270284014885,0.1654035587895291,174633.8881386449,0
2,29035.105393526752,0.8091435118249913,0.23323168254139529,238625.18527931243,0
3,41021.07301107259,0.8106881254092956,0.2131576835034637,317885.4566997302,0
4,57315.28568634092,0.7959668748103123,0.15538843446253778,371989.729784054,0
5,27344.345611363453,0.8013102945625791,0.23201813257134593,225009.5344705817,0
6,27733.34227910205,0.8084391342951404,0.20177825471990848,207104.81577009032,0
7,53147.72895917335,0.7970798992634409,0.18692775679738408,383909.356738598,0
8,37551.3317894824,0.7991810762408813,0.21337093705857033,294171.4286545576,0
9,43621.73732826662,0.8153231187961408,0.18060027659524328,302220.4791494021,0
10,34329.17971316909,0.8038135645238891,0.1567895982149745,221293.78972155627,0
11,43774.583931972156,0.7961758237474287,0.16638963745325447,297139.6449770073,0
12,46182.54641717912,0.8052360707063634,0.24467258893933017,394283.789004032,0
13,29333.58371661906,0.8121327770920844,0.24897775831648644,251949.18707245437,0
14,32445.21546408542,0.8083818762327911,0.16578110087291456,215775.14955488365,0
15,39960.85347377489,0.8166556681252347,0.19408461878480648,289380.69307895703,0
16,46031.963198235426,0.8138006376531809,0.16549932146407093,303164.33629676845,0
17,36484.89334133612,0.7998487263627277,0.2439456855459295,311465.36793367506,0
18,40656.36497088821,0.8119561153496209,0.1860787597939595,288191.7778505896,0
19,40027.85370988789,0.8075532757249907,0.19086887236593114,290007.77347247576,0
20,48086.48935672393,0.8003426752005588,0.101493724665504,249444.62427106028,0
21,33426.56752481776,0.7999900748644366,0.25319245926996226,293299.84637138876,0
22,27162.873286507453,0.8025815598516156,0.19618605365025313,200672.19747460313,0
23,32698.809084939043,0.8061395612052774,0.24338309450095585,277695.72745765554,0
24,58287.25650315066,0.8049487117744166,0.19849072186236746,432576.4310321242,0
25,62685.63399675294,0.8117728066109648,0.13919573581029682,373776.00761073426,0
26,40417.8124788925,0.809236513338372,0.23196684708432744,330940.2209052959,0
27,57613.589428921914,0.8073066481539078,0.23643804549113168,478122.3944321116,0
28,27408.18615744877,0.7972363370130716,0.239582777863716,231178.76193569775,0
29,49498.73032127471,0.8036707828787658,0.21544887475464067,387094.101830272,0
30,24654.36838668359,0.8027102091655488,0.2004440311865954,184736.00173161615,0
31,33430.17512535362,0.8035725414831701,0.1843183402171915,238349.78003782692,0
32,24116.402244938996,0.8079561933743362,0.20838709521941112,184372.68507002882,0
33,48622.63286493179,0.8073655974909809,0.15692297745413697,312277.7645452192,0
34,48091.9780749191,0.8070362595718761,0.15507774545094113,307701.23648269963,0
35,65610.73318646176,0.8250053107211659,0.2444721165517502,546149.3245169197,0
36,55354.48305370115,0.8026696992349078,0.10899407745470724,296200.09331418155,0
37,39606.786112361064,0.8022687028711497,0.19782102811282792,295156.6369948367,0
38,36883.06875568807,0.8129485106134325,0.2396337565516127,306889.0711301739,0
39,34102.987187150946,0.8068012538825035,0.2704336915135225,306315.75942493405,0
40,25748.560882289017,0.7882312310289027,0.1391049779127572,159779.53100094886,0
41,35052.51328724747,0.8019613584209838,0.1548868723127075,226146.73507236212,0
42,60282.93389767,0.8163375391891308,0.19596512022411106,437407.67005928897,0
43,37568.22664936628,0.817213505762342,0.20547108286424676,281999.4138438228,0
44,31289.192666176074,0.8113545291420104,0.22631717390361158,251800.11605548026,0
45,31347.770759792176,0.8056440716142754,0.20949202676932638,241007.21803389338,0
46,31623.16265578251,0.8128357299715931,0.23124691463658764,258232.47526566192,0
47,44774.07812478388,0.8035619930503461,0.1869799727077843,322417.1555136377,0
48,21229.413135600415,0.798218791681662,0.17866466918839838,148466.26896749117,0
49,45081.84322442351,0.8014946247823866,0.1827285971984153,320288.16968297464,0
50,26558.838226919357,0.8018280438980266,0.23697942707104747,221293.63497337815,0
51,41973.44144394938,0.7981522863984054,0.16184925237667228,278661.4500761532,0
52,38760.74023672665,0.7962516674953936,0.22746093957500205,316696.99139567785,0
53,31102.907164772456,0.807681707009602,0.20598011266974517,236759.11905013863,0
54,47118.65751992027,0.8043518255550498,0.20535182742226948,358088.2861655319,0
55,30318.809114926764,0.808593142467134,0.20841681583217664,231155.07731479884,0
56,48167.36194769257,0.8002357036426204,0.1325776152913781,285820.94546916476,0
57,53329.93568288487,0.7983881749270175,0.22429775197336402,431252.41198193206,0
58,41341.35584761591,0.8155776319750891,0.20835728283654306,313719.3712611572,0
59,32342.968232316107,0.8125101468334819,0.2039983986931315,242945.86555634558,0
60,51800.23603338049,0.8111115660552412,0.2352743140921732,426226.76239175885,0
61,29419.749553935435,0.8025926131275762,0.18144752037574938,208587.07766529018,0
62,38818.581549420494,0.8111163872405324,0.15576346686548487,247800.9629954621,0
63,43383.612934612225,0.8056847431992689,0.2330122010466498,357594.2553189871,0
64,65219.14348108771,0.8114499394676028,0.20955786773705817,497412.5602981469,0
65,30886.186544668042,0.8026352835187979,0.2234593908706936,249525.239521663,0
66,36673.28746761765,0.7923361993686575,0.15438087028286354,239418.6124705498,0
67,47230.47106491392,0.8004974436759971,0.20058259814958915,354776.52357273013,0
68,45722.50958074838,0.7908665173156681,0.14184053498149782,286471.0735483909,0
69,52522.38004156704,0.7941695093691858,0.15707855565769815,345044.6733320861,0
70,38527.80450669005,0.8094885819868907,0.1990947523470432,286688.23779286083,0
71,52710.75504336239,0.801940534448727,0.21631496372799525,415296.9801044537,0
72,26079.214671896585,0.8108624987041342,0.2727211938767055,237972.92853469026,0
73,27165.7637061413,0.8062888110094905,0.18345238898276253,191692.83453911217,0
74,35935.782269437754,0.8025338395510353,0.1855788198355703,257134.53134979986,0
75,36419.467828796085,0.7971875188540608,0.13936479251414666,223370.2215139805,0
76,54072.109910404666,0.7958876030711058,0.1693428571225449,369148.23601154005,0
77,46848.233665795145,0.801764273968154,0.20703901177911413,359748.613265906,0
78,22460.395409916968,0.7971658114031396,0.21377461994434685,176196.30406601998,0
79,32855.803603017266,0.8065933708573324,0.21909613007804124,260649.13294411605,0
80,46400.287451629985,0.8079404105114655,0.1878464462486041,332001.2241977561,0
81,43308.355155180725,0.7971707131817359,0.11251509497143122,238245.2601513996,0
82,54175.69295417448,0.7978333327201325,0.2135667614269904,423741.69775876484,0
83,23318.319999505566,0.7966831222278836,0.14512672497723386,145739.9783885048,0
84,76215.75062870495,0.822613685284787,0.1660040908365572,496516.35045295756,0
85,54052.97523691033,0.7982387345170864,0.11084515825425079,294363.8316147822,0
86,27908.729377851963,0.8024246520624676,0.21553684339506576,219260.73822977935,0
87,34833.872293004606,0.8031596658977337,0.16966096922368903,235599.33472543527,0
88,35929.13494016826,0.8083924019476243,0.22396824935136306,287448.01726932224,0
89,35821.181813615796,0.7921670342325321,0.12347712933101347,207161.81432955302,0
90,50249.36300413885,0.805633499901062,0.17681823457884943,347241.27509256895,0
91,26823.6401330584,0.8017530756466568,0.21385735709227324,210188.99920903987,0
92,37603.82474638841,0.8194801822815104,0.2355777909176385,308186.7592730269,0
93,34994.175417013255,0.8024483494260843,0.19550244344551224,258906.12216038062,0
94,44152.93340380154,0.8008260829756375,0.21685900768283708,348817.13436804333,0
95,39943.22539684501,0.8254899814785733,0.22746053203096933,317637.245546034,0
96,31487.31462182923,0.8071048088293862,0.2545728891729678,275146.2149528056,0
97,40546.23919136828,0.8143894195999016,0.2233001749410237,321691.33142435725,0
98,33033.936193017325,0.8021675760195175,0.1920007137194037,241896.52185956965,0
99,33074.01617862804,0.8178589056101414,0.1989797562193601,243155.29803742538,0
100,47531.82327582821,0.8052146267259805,0.1445600630795489,292600.09773617605,0
101,45506.33079023106,0.7991643457807058,0.19405206948619824,336024.0739474073,0
102,41732.04122430059,0.8230502165883518,0.25503210233999785,361569.75021447387,0
103,28307.09455409669,0.7998470175541913,0.13425754098749393,168743.49917512393,0
104,61420.38731210115,0.8016914698231206,0.11104529593234069,332148.7462893224,0
105,28914.805041487994,0.8220187236939734,0.18917808878504197,204638.59279732595,0
106,51530.217482624364,0.8019937060309948,0.14140094175450024,315379.7176004257,0
107,45026.700734279824,0.8048442158855975,0.13929894811007112,272349.69542607415,0
108,71703.41887415756,0.8123913799191022,0.13889179318417097,427529.1335307096,0
109,38402.585874773344,0.8039741809291517,0.1815458422385356,270687.05254592723,0
110,25640.748644770436,0.7869611410991738,0.1627820413135118,172725.69975248183,0
111,40345.15611514642,0.8101800900710951,0.21104423905974098,311829.7192519472,0
112,36717.27231677369,0.8041258301973616,0.10768614034935539,195031.52503707234,0
113,34645.50280904372,0.7914350820950198,0.12671641297151878,204480.66387429106,0
114,31371.12680835531,0.8040784628190296,0.18608031988485102,224684.05548264712,0
115,46742.5564117329,0.8042960687390677,0.1350327160438415,278663.06521111104,0
116,42902.09950014406,0.8043585675750767,0.1457208527025792,266776.90221558814,0
117,22383.356829547727,0.7994546719621275,0.166061349939241,150039.29627536182,0
118,49667.38221018632,0.8042058765538042,0.24386725548316243,420210.32454312895,0
119,35609.60229657748,0.8058742824620931,0.1913953044067824,258220.74826058396,0
120,41624.98504805365,0.8144380513627213,0.19983397267361866,308382.0978829645,0
121,25131.24400754306,0.8123946091905491,0.18207609825474838,175104.04223885736,0
122,47837.290340188585,0.7739113079913792,0.145793474914745,309476.83585801866,0
123,48007.87108749361,0.8014904337629841,0.2039321016049172,364140.8610663343,0
124,27702.029002422332,0.8080728358899958,0.11388763658551748,149700.1005527612,0
125,69916.92451397763,0.8211586511146136,0.1699671180393274,463825.65433930553,0
126,32368.376094667736,0.8080024714136137,0.22591061545160504,260401.01329439768,0
127,31199.704475114228,0.8100463276823942,0.24313360434562223,263545.77707148873,0
128,48455.43581568017,0.80866701951644,0.2038334841010309,364750.21157987264,0
129,52045.51803043129,0.8007902472285506,0.15828495807188245,339745.7266507781,0
130,30420.586719456478,0.8009510081284924,0.15176891532125691,194651.01596103067,0
131,30086.532950337565,0.7988456402388561,0.17692788246877875,208651.54142687176,0
132,43348.14636845276,0.8006258033248853,0.16533413485684242,290845.8901506401,0
133,35455.609069452636,0.7970926397830213,0.21630821072700798,281163.69844120956,0
134,27291.480687850795,0.8058778538102981,0.12465365876321431,155059.3879438622,0
135,36624.16567270865,0.8027514157808139,0.17715195719265814,254676.14039526126,0
136,32863.80918298616,0.8028422713870107,0.2205361472685162,262092.3855966165,0
137,49468.26979423924,0.8140278813842264,0.13236996909384668,286415.25275840727,0
138,44547.55435426403,0.8085063039519339,0.22663799038417368,358795.7086304092,0
139,37832.27973944485,0.8167664756799164,0.17017909497616618,252640.94146513325,0
140,44732.95435690829,0.8023769079218624,0.16573154893361383,300155.9758302731,0
141,32273.674666766932,0.8005834498848001,0.20435973400634813,246404.54985940727,0
142,26739.483481934625,0.7953966431133892,0.14194437327473625,165657.41387298162,0
143,37384.559555661515,0.8077064702618314,0.23318509533621384,307957.9424284232,0
144,43741.27845585994,0.7910786234246718,0.15242997486925328,283543.1312331078,0
145,44189.85707250472,0.8066521538361945,0.16669320684775957,295958.4712128592,0
146,49652.49201728039,0.7965667078348829,0.20410645735469832,379419.82615176647,0
147,49072.825116268425,0.7950167712884949,0.18304536415636802,351348.6497521753,0
148,53114.104448266786,0.8062521957542284,0.1525665648013478,336881.89854929637,0
149,31730.33760084293,0.8057773217064409,0.19026310825973183,229875.1856951674,0
150,51025.39053069801,0.7987723163461686,0.18878606341831358,370535.8622084182,0
151,42858.20951540624,0.7972782989073064,0.19710778400114043,319785.34074714815,0
152,32769.17209471286,0.8083321566634479,0.22218213396221514,261434.9428194152,0
153,38095.58061916826,0.8058886442966772,0.2590322371325372,336613.5945934116,0
154,53528.112492318265,0.8026217752126854,0.19561318500491803,394886.70266231254,0
155,40375.59324963998,0.8139077348784802,0.18897640466574442,288440.14443772595,0
156,39972.97039879981,0.8116089072398991,0.26217079139272653,354742.65115331043,0
157,57982.24284937659,0.8117514733214287,0.18269205067249442,405685.9211007605,0
158,48864.6626939803,0.8010359536753019,0.14894048720257583,308348.2313826164,0
159,44498.51980947292,0.8130375436484776,0.2272195365506077,357880.07248027,0
160,33429.69347066906,0.7970425139608529,0.20813181713472512,258866.190311607,0
161,44231.599831505584,0.8024517721022052,0.14290815061068832,272112.15866999887,0
162,46070.86372497887,0.8018585913900403,0.23764023015265998,386541.2990697152,0
163,40162.54594998553,0.8066528299972548,0.12307721000824319,226385.54488911797,0
164,38427.925001301905,0.8114546751092162,0.2043396228976801,289602.17415607476,0
165,22369.986348748724,0.8003717015728791,0.1424719386764759,137354.30889681668,0
166,32614.67867713852,0.7962806830410875,0.15159325342625127,209936.71035289284,0
167,55854.644642467225,0.8089043208837621,0.2256111241131799,449272.2130749191,0
168,44458.89662823685,0.7995480880157176,0.19053232236187265,325020.2095981097,0
169,34977.95520924056,0.8070754162126969,0.21047298475783374,268888.1591565875,0
170,26417.386680582076,0.7930449889510216,0.20188832061607825,201212.19483955126,0
171,49471.159063735184,0.8106454308502166,0.21323763767049528,382152.43945963046,0
172,41319.416642001204,0.7930900944866143,0.10985669412917463,226622.79642444846,0
173,47812.56405798468,0.8034519694075737,0.203504827337779,361673.9617227816,0
174,36480.65408759491,0.7966412064534802,0.12563325714637713,210651.40516014304,0
175,36848.760770798006,0.7931059959068266,0.18412485213304103,265845.9893742825,0
176,30829.77974463855,0.8042237944431755,0.2025176173163894,232646.34986833518,0
177,23259.066916934673,0.807776269846462,0.21949104971780256,183573.59883285797,0
178,59220.903101526616,0.8077162196173308,0.22981637565845903,481554.9608253524,0
179,44622.70310093731,0.8015625232040985,0.2130669449076538,348989.1725882482,0
180,44025.016250044966,0.802288605193823,0.19781076120867505,327612.9891325864,0
181,36341.71790340067,0.8080279676807719,0.246502772244962,310244.3932133501,0
182,32872.28570873482,0.8112864036934162,0.21469764225437102,256035.92933382897,0
183,31148.02263035664,0.8364465257761146,0.2550257193779785,260761.32044571495,0
184,38937.13260962582,0.8088224474113177,0.1877233766811926,278636.1749961751,0
185,42152.88410297775,0.8194810187078868,0.23033496883649374,340751.6391735081,0
186,23151.309983392228,0.8032048160589685,0.20984989474489185,178097.2686208762,0
187,36815.52624604795,0.799024614091673,0.18875550853309853,266743.5753814821,0
188,30953.046728298963,0.8066897350842813,0.24099309474701544,260694.1630447767,0
189,49027.379163515536,0.8111333489423347,0.18556074746908102,346958.54777560354,0
190,45301.38508179168,0.8048987138302742,0.146062626891182,281338.4358635016,0
191,40216.78077598723,0.7981440627620134,0.11673704389146103,225315.77424620395,0
192,73849.18508708128,0.8161429591979019,0.16728098638580646,487854.87877423817,0
193,31112.37848963241,0.8067960539474681,0.23564431242223985,259060.06282107555,0
194,29308.395250249472,0.7875559849532211,0.15953634763028385,195803.30529991974,0
195,64260.34161389881,0.8078732339432878,0.1799700393801844,446037.57463696174,0
196,31251.57763004825,0.8063866146063782,0.19984376357436456,233131.05166910664,0
197,40563.44188530452,0.8097026435859467,0.20821807016188768,309594.6842161713,0
198,16773.50049894929,0.815980206111316,0.37600022710284314,192836.40120946505,4
199,49860.12353386358,0.7980969930689321,0.20649357818381178,383027.77201752446,0
200,46321.824347647045,0.7974182867431099,0.1296335976411689,272830.0120112534,0
201,31087.13143373718,0.8008161819319215,0.1745527984054769,214741.56027442956,0
202,38281.99221545453,0.7954576969271097,0.15112607696890556,245092.21128948513,0
203,41594.39305757161,0.7908633911366728,0.1726658039596168,290648.9728106731,0
204,32943.46998751628,0.8025368967085461,0.12908583422055883,192243.16550897338,0
205,38647.07768996874,0.8061031829801919,0.22955889603068177,315873.3574032223,0
206,46797.480430110285,0.8043893321476794,0.19646594132485867,345844.1060171804,0
207,66604.94657374104,0.7968854020357432,0.22079599877369724,533329.1821745064,0
208,18089.980814963514,0.7868307208030006,0.18655918129723004,131494.63388483072,0
209,38417.707519702984,0.7878214321750916,0.13803254621841635,237919.65660915722,0
210,18711.29512014435,0.7887375982451666,0.225840383896352,152356.61984877996,0
211,77386.62909319888,0.8277337433704994,0.19142107196219652,546917.1952282505,0
212,27241.99642266425,0.803556004289696,0.20739996028352797,208610.3055086177,0
213,50148.24986284639,0.8082104333633662,0.2101032925069042,384764.79913152196,0
214,56182.9476014693,0.81376178931235,0.17295722474142164,379302.59868854657,0
215,36883.8764375025,0.8213863033089376,0.2290488463436144,296330.6177620115,0
216,40375.46786287393,0.8195175927937642,0.19587094411589984,293869.45154836576,0
217,29869.841853837046,0.7947715610328894,0.15192145421248032,192521.05617368963,0
218,28172.90162473457,0.8028839627630399,0.15824837782297502,183001.86582124222,0
219,18577.778884775402,0.7961665691541283,0.14982924022811792,118098.93042446848,0
220,28503.152102071577,0.8035705925380751,0.179148760892605,199243.77721393944,0
221,36574.964726207916,0.7978242741689874,0.19128968892035367,267373.6134459919,0
222,30042.41702535564,0.810533948327188,0.20880223716678897,229487.50011797235,0
223,43116.274341239034,0.808988643456963,0.2081586936924957,328745.4199534347,0
224,43795.780611397764,0.7996716700478804,0.18894757388878228,318640.07524513395,0
225,31414.566231439007,0.8008395967460836,0.18903261819604308,228162.00695038104,0
226,39899.58815646372,0.8113836748937601,0.1684490526489426,266943.498079106,0
227,37600.59137371043,0.8074243498913,0.16118590086667148,245262.71115570993,0
228,49180.866786960985,0.805934270439063,0.14637030916129026,305125.50038741704,0
229,52930.64708776978,0.8046344825672228,0.21201278076899846,410127.4101855035,0
230,46641.741482278056,0.8096347957115306,0.1760014583467358,319638.2723046137,0
231,29342.062741019443,0.8078565999867112,0.2173039687267974,230653.81897438993,0
232,22312.616672185402,0.7970307271517163,0.20812824288510218,171518.71212796407,0
233,56527.98237438854,0.808169258908929,0.1390072918787715,338634.8502921357,0
234,65342.82367481494,0.8104384423277964,0.2496617440315408,559000.9899680566,0
235,31862.135313766783,0.807437978575006,0.2663989562714932,287432.16131739534,0
236,44273.458304419044,0.8053807355199302,0.18025938286633975,310246.12860470265,0
237,28772.69396907479,0.7887159366394964,0.11379182832019874,160721.03108130122,0
238,43696.30639727829,0.8038940124112027,0.17228965654002118,299413.7783749778,0
239,31906.926739368093,0.8118784741785845,0.21542226504597256,248543.20962449114,0
240,29424.47431595671,0.8112630514439042,0.15967947813061065,190089.5608492183,0
241,40088.956274408134,0.8012564163512794,0.16819280792423966,271133.564236032,0
242,24174.88070866413,0.7986945886929838,0.28123964190923484,227079.11638815948,0
243,40150.6509393872,0.8156852976070136,0.2424844824460715,338207.1357293807,0
244,32434.647179267897,0.8074109874020775,0.2782782217928168,301474.5013909413,1
245,54442.920261672305,0.799643628832137,0.12901104445396647,317633.40517466783,0
246,42612.309027323274,0.8006485604077661,0.1790823092713247,299454.01906148216,0
247,48760.23718938593,0.8118437525771837,0.22646687786887326,391980.9761903761,0
248,46328.23353167357,0.7979583190641482,0.16820885337023392,315593.2130083158,0
249,31601.048813740956,0.8071511338814527,0.19373784658935425,230890.7870945376,0
250,53314.908497150405,0.8005967868864918,0.21979533672298598,424067.31826212374,0
251,111516.65931797995,0.8110928639685727,0.1285076279571512,632712.5337966084,0
252,61988.73356240695,0.7885468592889391,0.21833763680322105,496968.09342709894,0
253,33125.26551611594,0.8085060395495505,0.27409876206173256,303393.55191412586,0
254,18850.120271013155,0.8016377923214045,0.20940363739357967,144836.31888874422,0
255,38393.786284432026,0.8075609577551789,0.1805623417735633,268955.1741048582,0
256,49215.225253408185,0.7953837652749841,0.1903857402297186,359969.63396263425,0
257,29443.920761309284,0.8094804851035059,0.17843168451544214,204195.22158499013,0
258,33594.776505698836,0.8040247482669267,0.14202070540861428,206340.82664094176,0
259,93153.09569421085,0.8115819236839551,0.08159200196121831,427749.920877997,0
260,37251.926789437144,0.798459170854888,0.11477791870928414,205635.05873167745,0
261,70094.24063323288,0.7988420905403373,0.2808884333631922,656493.4991106455,0
262,145170.66438693204,0.8352697659718806,0.10257242706876066,696702.6254447147,0
263,25963.19465994152,0.7965590433563662,0.16141815996782954,172237.0329730049,0
264,40133.75765054964,0.8121367415407409,0.24009806058578922,336520.4085831594,0
265,30887.795550922347,0.803716023510823,0.21889434309361258,245268.73629190124,0
266,24524.85434313616,0.7933059129067966,0.14479308079382142,153831.25397585923,0
267,53248.44833384407,0.789729635911242,0.15315483229170762,346486.02092897607,0
268,29477.228496859265,0.7972628394955675,0.21939173270586146,234735.27001763758,0
269,53410.626498406964,0.7934694818842978,0.2665878867591923,484584.8881231379,0
270,58180.22785247919,0.8092317250322554,0.14414667478443158,355525.12564673513,0
271,46483.71045004302,0.8123064023210622,0.28838893543166483,441042.8648694884,1
272,36358.86578774436,0.803003233655769,0.2625381604120592,325077.72622151964,0
273,44994.085217432,0.8168126812487346,0.22619115445002816,359166.34487793216,0
274,36361.93934737497,0.7876407468897977,0.11843761598120726,207421.54714067144,0
275,39056.030555598205,0.8186698269901803,0.2098597105959174,297565.3406781794,0
276,22080.03528904847,0.8090614995887574,0.1965594289868669,161930.4631595178,0
277,35742.139064867384,0.8087347893092705,0.2099195762501164,273126.2804821141,0
278,41799.401878387085,0.8029270121116119,0.1813828840953887,294666.0799466266,0
279,59069.7606881747,0.804686232070834,0.2388980046101646,494591.77262561343,0
280,36607.53918516609,0.7953388467002622,0.15874116893084603,241618.63810546912,0
281,35059.584719496626,0.8033389796545471,0.17643566068219746,242624.3151199043,0
282,27435.68507728678,0.7987981435232633,0.1880741900812868,198314.82349790173,0
283,44561.94492274438,0.7993967265794232,0.14427752057040902,277723.3436752949,0
284,31193.714733776014,0.8149409726997526,0.21750317411245051,244024.3374278553,0
285,32941.68014700883,0.7963215811096684,0.13922652682179362,202847.9581056187,0
286,24319.070051751914,0.8102538602512054,0.2927696432676958,235131.25629095087,0
287,48149.784244908034,0.8010265074390759,0.12777399622096755,278775.8917473664,0
288,32851.313927572526,0.8080161811630834,0.20388121426529188,247995.0752877095,0
289,35884.30686647734,0.8033311758455832,0.1783221258293746,250496.38136932423,0
290,42392.10013371264,0.8081201677212301,0.21230490413275627,327109.74456131354,0
291,46067.99312364759,0.8009645754705114,0.22820348902215576,376372.8922848586,0
292,34619.48524791806,0.8123354193275532,0.177895223422357,186807.27929248,0
293,36604.743251210246,0.8113491873124763,0.216046790202965,284945.52643770224,0
294,35803.82644660326,0.7983739307191924,0.17680885279363084,250216.1361556953,0
295,34261.05121101752,0.7969584470886294,0.16451606936276528,230917.1558949057,0
296,39656.45173731145,0.8183521424725057,0.18440302456676821,278307.7726345859,0
297,40841.375867526665,0.8154688226024482,0.2105553693257347,312514.2426172782,0
298,50268.43162151405,0.7984663715653719,0.17165349130562862,344556.46359374275,0
299,48118.24334510591,0.7758857344478018,0.12379602391847015,287596.53730352025,0
300,44561.74627613767,0.798105745553997,0.15711732522320201,292139.54849451594,0
301,32074.310184468133,0.8052049497757565,0.17079418008154668,218511.10847315355,0
302,22510.60325442677,0.8030221677775046,0.207766638140632,171852.25869670307,0
303,36358.66063730082,0.7926280801853718,0.19481802140003082,271392.00968145387,0
304,40611.49441742547,0.8086507886106015,0.19052206512318956,292963.4029099002,0
305,37330.60562653104,0.8051361568689349,0.2082397473653071,285360.72499146836,0
306,26341.366603137165,0.7884476678440634,0.12171829536501626,152807.66127963382,0
307,16050.34494882787,0.7858679960248683,0.2571852558617177,142871.3381607966,0
308,51529.36403426503,0.8005726017689831,0.19661119550011846,381788.02403872646,0
309,40300.64339951754,0.8173975592602314,0.24212351135841395,337309.3876610478,0
310,58281.354201788316,0.8001840698438233,0.1714114569717638,397681.38863750215,0
311,39616.361969653306,0.8179184368070512,0.1717357025399421,265831.05527246685,0
312,32369.504751039134,0.8054968704204846,0.2290489990039087,264034.31266583176,0
313,41795.129865308125,0.7954024922554047,0.23568395846447673,350845.01426024816,0
314,29779.736965639207,0.8070501148290814,0.18321183960757678,210567.33893503548,0
315,25224.883928033632,0.7983884837258949,0.17077406977875934,172150.94425748943,0
316,60581.35706000677,0.8038059625095288,0.20645643844738973,460998.643493669,0
317,32513.77981305657,0.8066808150958135,0.15243909741908687,206566.39475199627,0
318,43049.832522381796,0.8030171453145755,0.19553638042190571,318101.19165872294,0
319,44595.65941550351,0.7963731659920301,0.1476209418933522,282905.9412905256,0
320,84104.68663643002,0.8117756174514251,0.1664564441995387,554610.8009716527,0
321,35903.89484459526,0.8028337009946506,0.2002458912429525,267736.49043339957,0
322,30125.63488732347,0.8017340153507689,0.2478764059942616,259256.0110156778,0
323,44942.37423558349,0.8016250107916362,0.1620650181910618,297811.39266151626,0
324,31366.872640321097,0.8057676026661087,0.2299864581536404,256923.19039129032,0
325,36759.20955604668,0.80057630572667,0.1787505146234862,257847.53169508616,0
326,32694.793378757553,0.8000374677003953,0.18318379262058898,233268.22158872936,0
327,47374.26931345132,0.7954117384724688,0.19702473268668927,356239.453773277,0
328,26129.778033320246,0.7983949977916149,0.16296564671286906,173761.60794221418,0
329,40537.13635139713,0.8237095525951768,0.1997512727635145,296475.31790570804,0
330,24279.06995918645,0.8067388101917449,0.19536947690635262,178501.74668789003,0
331,33416.0695242953,0.7969844963934953,0.14109390736453334,207021.88004692236,0
332,21863.991927892752,0.8011706672783971,0.17271018162308452,149540.5006970414,0
333,59387.7361748414,0.8126379019640048,0.18158449531920406,414358.09057083115,0
334,31121.758008382993,0.7997026731642686,0.1572069810992228,202599.529371166,0
335,96996.27665738894,0.8178202302771351,0.18910267495760952,685023.2835051236,0
336,77367.42636532421,0.8169852996582616,0.19408452172646345,556806.7657885456,0
337,31063.81160912166,0.8044403596563104,0.14328370928208334,190490.96706452302,0
338,39641.564930613145,0.8198291308962817,0.19576807265008053,288327.2844551486,0
339,31076.053767039935,0.7998236033474387,0.14889986530021931,196586.35987327737,0
340,39868.267039505816,0.8043211189845457,0.227511993139817,324507.8083629506,0
341,33987.91998767951,0.8030386775013237,0.1825586089740036,240944.19968507576,0
342,64031.32963608869,0.8200936711122919,0.16408057569420684,415414.7873269428,0
343,45919.20593334256,0.8018171811667031,0.2138396816552111,358366.0354224751,0
344,56160.579536533136,0.8186540925137854,0.23892196183620737,465454.2002267239,0
345,25170.606844898353,0.7960869040816025,0.16475678989472078,169114.71320664164,0
346,44416.640666023755,0.7967581019480608,0.14401879087563874,276109.720675256,0
347,30467.703189259544,0.7915389301519866,0.13502086190027873,184299.23439746976,0
348,52047.81301875528,0.7968057042891301,0.13185191411881864,309321.02166075725,0
349,51789.791257531084,0.7968360344031196,0.11076430958019959,282091.5053804496,0
350,41101.51623763035,0.8103544968920787,0.2065744252238191,312052.61530548753,0
351,36651.158668735385,0.8105189969637464,0.19934200882948133,271677.0388488257,0
352,38988.10633314808,0.8083562327562317,0.1575577997460718,251602.90120107075,0
353,48132.40551336249,0.8072325247212219,0.08592655285238562,227906.27121248137,0
354,49594.38161307241,0.8200147162947583,0.20114627926317039,364480.9329515442,0
355,53065.24024671998,0.8005869717885365,0.17592170228961437,368340.3923721318,0
356,37400.36670676142,0.7904283087359393,0.14288714951128206,234356.64086934412,0
357,47009.84890412537,0.8038498833457971,0.20013172003076157,352281.7153708517,0
358,60034.63154082857,0.817826415507749,0.1958070317041555,435347.45688715205,0
359,39398.417514925226,0.8028244591219906,0.1504541923122377,249829.64541406144,0
360,40635.775873759485,0.8126645740537118,0.1939274098817235,295134.75360813196,0
361,37290.09522539841,0.8065011304091839,0.2530643286355604,323700.36347371864,0
362,55584.17548761709,0.810377025563436,0.17525004259036558,380987.4208918979,0
363,43403.809223154785,0.802194837304787,0.16798483351070662,293340.0111806109,0
364,29426.93580176662,0.7990731563688209,0.1566965597833659,191281.49626034085,0
365,32434.941504820046,0.8070408023770906,0.20923789805369117,248979.37462383206,0
366,35231.64814075393,0.813326565711861,0.21259801415633664,271186.5730444208,0
367,33124.21933214247,0.7975097578858875,0.23319799391182963,276023.78014914447,0
368,59007.49943542036,0.8192954607530357,0.2833174246759853,548707.8948798804,0
369,37782.02307955718,0.8003061121044784,0.16857874256640398,256016.60611446865,0
370,46925.59228684179,0.8010081488289714,0.18709987965392502,337738.8613402795,0
371,39405.96636467889,0.8109011404759539,0.2437470036388997,333022.41649768484,0
372,54376.666803332206,0.8135064786830428,0.2034483018931804,405416.36631407344,0
373,27161.970123142015,0.795515725385652,0.14983919371789778,173746.0179246527,0
374,42795.724885596195,0.8073794700857333,0.16605026546706708,284812.5660550248,0
375,54250.00771415258,0.8059551079044347,0.25899536865878425,479832.5562176867,1
376,50318.459588541,0.795753105947534,0.2444268836875819,431136.1266420267,0
377,48290.07262637442,0.8065609976085287,0.18860275360740333,347281.7834926592,0
378,40838.13604212964,0.803612079099494,0.15783285745842265,265812.40125410137,0
379,24364.66045251785,0.8051552592154751,0.19807041656414265,180417.12652698177,0
380,83002.2957813226,0.8201945545454379,0.18071621525338175,570753.5029508835,0
381,53369.9894624268,0.8066693274890985,0.15956219364798582,346776.9376234471,0
382,46638.02915826017,0.8018223649736224,0.2386179272019941,393150.211695873,0
383,98864.82489788174,0.7930042285273268,0.13761656529769165,600412.3836354828,0
384,54194.83587674425,0.8037545798262599,0.1823251167908701,382273.9251213191,0
385,44156.23140304276,0.809801162916132,0.24274385011370936,373204.04937694065,0
386,40583.265547797855,0.8154304648682359,0.21412392766850002,314629.5452064972,0
387,54282.92320149999,0.7973963166398083,0.21377883889430133,425942.987850878,0
388,60849.194604041404,0.8153961099222328,0.18642457102012028,429062.5738146093,0
389,63707.145456497834,0.8188121047791961,0.16236165275609385,411374.3488333767,0
390,70079.79686927996,0.81706710431053,0.20909373656232205,530916.0123991583,0
391,33274.17839479765,0.8017158126804782,0.20555423741147458,254153.39660073316,0
392,43400.219881138524,0.8156247985896359,0.19540571121926048,315794.83636571694,0
393,35053.84080358878,0.8064954713661737,0.19446428915830147,256550.91431579058,0
394,51371.583702080934,0.8054833716245648,0.20153647943933056,384602.9128623157,0
395,23847.239578410637,0.7928008117551775,0.13818011146561865,146088.35210666695,0
396,60643.724713471645,0.803694716432905,0.1979268531055808,450970.90620451065,0
397,35818.89065190658,0.7960584890965045,0.2203044311895137,286360.2897326056,0
398,32449.765243658727,0.8103974022264241,0.24364791738618535,274718.95016322983,0
399,34481.76114428871,0.8099534643227317,0.1654408484584918,228020.60759945892,0
400,53245.90621269262,0.8021251029593456,0.22275766979320757,426406.3485749979,0
401,43263.4185553917,0.8087390776410155,0.21467585630127564,337483.68542591325,0
402,33840.499860781296,0.8013783572132207,0.18525452849049423,242132.19045931718,0
403,44642.56344981043,0.8003166770139173,0.14091194409687716,272975.3628073914,0
404,29625.982810513,0.8051204173244264,0.1835964864996757,209858.8681387907,0
405,27445.068023043626,0.797163199242697,0.28338564259218685,259448.37517350414,0
406,42047.840459654886,0.8050239879790987,0.18852352379406626,302433.9823090746,0
407,24955.103670108987,0.7970764473882606,0.152003572258268,159677.21693031245,0
408,29199.73221191603,0.8030102820798295,0.19492775023951547,215295.3260333302,0
409,34907.45119011002,0.8099543447087524,0.1861000226386855,248119.5460747417,0
410,39492.89467290352,0.8151059908341499,0.2305892018918004,321035.5260868164,0
411,56258.994177306784,0.8117895801360732,0.202360289084263,419546.34136239137,0
412,54521.89298136722,0.8133536532940288,0.13868582159887297,324711.1040995714,0
413,41243.12573223292,0.8011044241211364,0.14791703221934513,259821.62327541324,0
414,39442.215233245515,0.8112224311518671,0.160675217252466,256584.2700486566,0
415,37954.726879341055,0.7985719443603213,0.178997720089368,267467.271206996,0
416,66633.30742814207,0.8149057646204056,0.1750510343365975,451959.37604657304,0
417,41495.52117224179,0.8194685714495515,0.21194026892193846,317670.1028211186,0
418,31749.918426115324,0.8094361572378862,0.22013879414791632,251872.14965683693,0
419,32463.11988989034,0.8049199107455676,0.19671883184861172,239936.12599424864,0
420,30166.48712988347,0.798623523403653,0.14057122676480593,184683.64872071354,0
421,55657.070261619076,0.8102903101147557,0.16015723294645653,361535.1656829962,0
422,26104.569997493858,0.7979463036090596,0.1558225263500709,169558.4722422647,0
423,81668.70028277661,0.8052000508783047,0.10780321554358678,428415.59285607625,0
424,44960.04381051556,0.800277640749771,0.1614226170433819,296983.73480051133,0
425,19797.187430481797,0.8055959782417517,0.16915144982767313,133324.22129688656,0
426,29736.73553236606,0.812391631337927,0.2021047410485511,221815.77062527003,0
427,42605.09642707848,0.8235490184283646,0.24332074551457272,357016.1511372761,0
428,37153.04959770253,0.7971125148498269,0.15960170682573374,244239.81918558845,0
429,30701.96973542153,0.8029737774951455,0.17242184921551737,210257.90026588237,0
430,50617.51466532589,0.8018816091040992,0.15684619038652636,327598.3840861571,0
431,57781.15618335172,0.8141879888987228,0.160634498973191,373640.20609064173,0
432,67506.93634497844,0.8147808062967387,0.14065471100845864,401813.8295875168,0
433,35506.05184287885,0.7958452823051985,0.1600629659847455,235576.6624406977,0
434,60513.61960572894,0.8138376963660027,0.13475957777739148,353977.0016411981,0
435,18651.514925007254,0.8054942891114537,0.15322932599565245,118358.0352838662,0
436,32234.683216274312,0.8030297696510921,0.18077219869377664,227203.89645397154,0
437,42392.89354901998,0.8002175723180472,0.18290706736141735,302021.6028612258,0
438,33424.51601244919,0.8108919416688171,0.2526666752025145,289829.08955950674,1
439,43176.394939360485,0.8049911820411804,0.20951459989920068,332830.038811879,0
440,31852.434977744615,0.8075345894462764,0.15310326191634055,202457.0681677167,0
441,40540.21478186101,0.8122968173427801,0.16916463326762904,270368.0024773014,0
442,27002.522560154546,0.8028933076148549,0.24518172592153878,230420.4909602203,0
443,30964.51919054008,0.8145837376259883,0.21618626098559848,240862.62819543504,0
444,66786.60603779185,0.794316849457431,0.13760065130875593,407430.9606090714,0
445,51924.11332208589,0.7999575860755399,0.10749507210648408,277444.2773229516,0
446,28117.35860048825,0.808644964045171,0.21805995031183695,220908.40629704666,0
447,31931.286523217674,0.8008555808423513,0.11817207968825542,178711.640777814,0
448,49905.72909890044,0.8089525377031906,0.1562555046335583,319522.9637259347,0
449,61568.064501984794,0.8148824066215846,0.18301552227782944,429883.60155393666,0
450,50926.03708468673,0.8094072810091779,0.18154420562207738,356188.11168196704,0
451,33670.92186390301,0.7974458416747646,0.1594490760632774,222610.2470534261,0
452,27433.93585023507,0.8059897422350659,0.27333381024981346,251346.88493803868,0
453,58163.052369950405,0.7840157037345106,0.1494653763421654,375859.3648990077,0
454,34376.82018997577,0.8070218116142768,0.21586981566570443,269610.39667902206,0
455,47010.8270458824,0.7953712163283482,0.1523688528836503,303259.4907351423,0
456,34676.991964076944,0.8125528501437355,0.20327171930802804,259190.08224893638,0
457,31970.100278299837,0.8007900216823505,0.17964681265795474,225405.80922129264,0
458,45721.57221673253,0.7950190620045481,0.175308603725894,320257.08244699944,0
459,53621.067796423216,0.8090744698317341,0.24287246385658445,451264.77586629055,0
460,21658.98584121976,0.8079067232108929,0.24839512601493233,185750.59462982023,0
461,27484.23336541184,0.8032719991524537,0.19193762649836674,200910.26414383715,0
462,26931.19512585483,0.8047392742945485,0.17473526088131425,184807.95937898793,0
463,36822.07602298569,0.8038551165232167,0.17146688832986848,250371.563528636,0
464,58893.12631032232,0.8065544592186942,0.13138250296078938,344183.0699475172,0
465,47774.615634800655,0.8020973563159812,0.22368550844680504,383515.44302860816,0
466,45777.20874694061,0.8137944638021277,0.21629594136302405,356195.8363520566,0
467,77196.1806503308,0.8174545950349639,0.14573941265900298,469330.5824630246,0
468,33803.48611731054,0.8053258524797159,0.18340654964650085,240797.36896294422,0
469,66750.41599260239,0.8068567199132446,0.21778861853197326,524538.2997357919,0
470,70803.05372594054,0.8094001810857472,0.1782358197534176,488927.4835958216,0
471,40838.12635028927,0.8060186829823889,0.1714014000281922,277251.19542586623,0
472,31517.353872932752,0.8031376227370229,0.16988091271904954,214111.94454347645,0
473,19957.80009002875,0.816502727014891,0.21305150652282737,153407.27993596432,0
474,45333.985684587264,0.8020574598669692,0.19869543713736088,338290.37290774577,0
475,37868.585345131614,0.8054387691615202,0.17236682764585418,258757.59262593428,0
476,35023.64908096828,0.8041684647545836,0.21650890522884977,275163.4328407763,0
477,36666.345152499634,0.8029849280650804,0.1935022008972134,269066.40739610576,0
478,40491.71597438556,0.8029183686881706,0.2128469533375737,315876.25390399067,0
479,65958.12855879705,0.8049619111592005,0.1748157047633132,452383.00797239225,0
480,28926.276138362242,0.8063782154439583,0.1934086042971182,211650.83408346566,0
481,34115.40625468906,0.8063907054378003,0.2203179800968084,270350.0726033511,0
482,46208.35202957656,0.7938765275364726,0.1948985637511748,344968.6738413592,0
483,29291.15153066748,0.8018303166025504,0.2044143392341442,222994.72574674734,0
484,46660.737122805986,0.7959045624550216,0.15558645271896834,304600.37738003186,0
485,31072.07949299005,0.7987071774551353,0.15960054442505434,204576.98644438415,0
486,26090.328380022034,0.804137363056143,0.21239167578096207,201990.504762834,0
487,42610.803205294535,0.800270516942591,0.18445202191622195,305827.29456326686,0
488,21265.13800385266,0.8101266123995527,0.20056283818288753,157562.53376169258,0
489,43240.28855568134,0.8183035479124285,0.27448323598282787,395102.3617444357,0
490,49059.98124072623,0.7969565230324117,0.10457730990067556,260487.07357889056,0
491,40766.851643143615,0.8148176263869523,0.20779238814854703,308663.03013308917,0
492,46834.449601254295,0.8062636998036166,0.17678644790452397,325022.9460609639,0
493,51741.615598516924,0.8092545887628341,0.1933145955038826,375702.3034371889,0
494,55773.051159692535,0.7914923289745471,0.1263775091211699,326070.46458660066,0
495,32286.373670095985,0.802380486189027,0.23849807099524747,271427.7430018919,0
496,48214.734494883814,0.8015520891056888,0.21664481246037906,380278.187508507,0
497,52235.61888727125,0.8099858021386378,0.14235470613789344,317503.41163413064,0
498,41273.14639615554,0.792525733796677,0.0948744578475087,211909.35078686906,0
499,34446.180872951554,0.80345296184167,0.1637031114729348,229040.2369245127,0
500,36184.7607596083,0.788843111300852,0.12379021184647583,210447.34350109778,0
501,28504.67666497839,0.8028957088801093,0.19303023060999627,208579.14806087618,0
502,60322.05436999137,0.8137657502804915,0.18120434172478941,419752.574815292,0
503,40993.79389567684,0.8124274081541899,0.24511833274583641,348042.348053443,0
504,40038.81372325382,0.806980569115378,0.16543554551255607,265962.4637469789,0
505,29722.42442256695,0.8055844086648934,0.18685695453865994,211958.60192782167,0
506,41593.08397650921,0.8240529275428504,0.21340997800040176,317764.81952786696,0
507,50086.40936395089,0.8176908905920444,0.19674066124875617,364256.99735642766,0
508,43483.52503526577,0.8031592685527478,0.2094253217336172,336420.0595315427,0
509,34980.2544178145,0.8107533245220858,0.2102225428543803,268137.9570709551,0
510,47678.91809337259,0.8097841348595515,0.16875255895465222,319586.81780555815,0
511,33452.70667510578,0.8033979939652739,0.12044511834188083,188339.964969571,0
512,45665.67249013244,0.8027228781121948,0.10072402697523831,233888.44399609521,0
513,100705.21614622387,0.819942056867731,0.15233855097525908,622385.0642060814,0
514,35803.5460723199,0.8119209582898073,0.22089595802360024,283057.75790880003,0
515,54003.24350393751,0.8030516893972844,0.1609140823579118,354257.6709373791,0
516,35948.923079208944,0.8060497935741616,0.22047449586721354,285023.9953925457,0
517,35229.76458704763,0.8062842244310346,0.22642295770719265,285329.0108619576,0
518,35768.282564416935,0.8094765802177575,0.22971234906600937,290744.9277206833,0
519,31675.784708187475,0.8070884241323333,0.21615542500322518,249395.0877876827,0
520,23461.67220701392,0.789509400304225,0.16544763673142562,159465.25316079115,0
521,30492.252747616,0.802792479171692,0.20293969870285358,231117.23982020398,0
522,50389.07176589959,0.8113048894638328,0.16319635726279658,329417.13457059755,0
523,81200.1233736507,0.7912513552836945,0.12856106775803636,480247.46700509515,0
524,52039.745312237166,0.7937163174087019,0.1514673146258075,334885.1100170135,0
525,56433.82799315455,0.8114539018958765,0.1542631655011206,357075.6679059879,0
526,61938.25256263013,0.8165753239575911,0.2308261677509755,499949.23719255516,0
527,63381.69881848655,0.8180077304665828,0.1438503721330078,379888.01145779766,0
528,62287.85503881165,0.8153758820440412,0.21512872370517783,482092.78297044407,0
529,47168.779789406755,0.8073627854879923,0.18951281560736888,339085.084343915,0
530,37435.53825691392,0.7857794723824807,0.15460954483641334,246760.5835070728,0
531,30707.036131842586,0.7893569970367459,0.12719429471296545,181647.04281138326,0
532,65287.24052605741,0.8156413273979662,0.11275659619202623,345553.48993426556,0
533,63090.541733384016,0.8059558754553932,0.18520077332780185,448076.8258487224,0
534,44251.3535248388,0.8152812267393494,0.23863783817297426,366725.2311367799,0
535,48661.635823261924,0.8115836870074707,0.17028191211927474,326025.66094201704,0
536,48665.26192289642,0.8005928920706288,0.19752484686898475,361822.20450418687,0
537,36032.965321292206,0.7975576669211284,0.17352454754414495,249449.79842503666,0
538,24084.161510218488,0.8047100567336052,0.18898675737361112,173246.92654966118,0
539,65253.440221037774,0.8017370891327494,0.10879357383640793,349164.6529779397,0
540,39991.41965145361,0.8184205317080107,0.19959279763773238,294428.364247073,0
541,40194.804122802205,0.8133089824454476,0.21815277824550125,315368.40423093125,0
542,35959.49748579808,0.7976049013439621,0.1721625181583335,247197.88749023573,0
543,16383.024196533206,0.7790388100519479,0.3579609831348013,183167.56541519496,1
544,79125.92562224447,0.8085209290871939,0.21068346705655278,607537.973968413,0
545,64412.54705487182,0.8251557258650841,0.2447442512675191,538020.5263704909,0
546,86206.08435544281,0.8040758604385646,0.1344120150979155,510158.0587841559,0
547,34704.50473310412,0.8152781481069685,0.14288821633716192,210140.73378127374,0
548,31055.74913990389,0.8042173275675994,0.21632293234066072,244489.51633861166,0
549,29146.72503115136,0.7984528999453774,0.15198559321827632,186079.11505021004,0
550,38055.67790184595,0.8073875183035557,0.1846309787772147,268709.06861261453,0
551,39463.93381259643,0.801771665578,0.18010985816325029,277579.99000004976,0
552,44769.89552284418,0.81962387771262,0.30574421764222287,441364.009421128,0
553,43520.84943470686,0.7935598706126817,0.13496190581170844,263415.1314163788,0
554,31098.048196224816,0.7896499061402196,0.12281484715079079,180403.71026848938,0
555,27879.814924230483,0.8000720718493043,0.21474084698066803,218657.39873276424,0
556,43034.58460287321,0.8061595880879935,0.201227580229715,322706.23190540983,0
557,24924.166281747664,0.7994752366436314,0.21866388360339808,197631.17988434725,0
558,18688.490875920874,0.7959618062880239,0.19020180949471302,136150.55960287928,0
559,35485.62891312426,0.8015248944283072,0.22825832082448225,289500.9303173369,0
560,82592.98714820087,0.8165888369964056,0.18566506868536797,580342.4242217757,0
561,40050.81260941544,0.8139469133322937,0.18846003960671215,286080.32630795205,0
562,127689.90359206023,0.7948647643632623,0.0892555747667202,630071.5586898911,0
563,27557.30999446373,0.8008315427262485,0.15510527487154266,177817.10654802344,0
564,35274.32724646619,0.7953756839772661,0.16202033810886446,235346.88847894061,0
565,39345.69632696455,0.8135623670655706,0.2052251198689759,296899.75747745123,0
566,33459.442259277814,0.8043558238355795,0.20940856828934443,257935.15123419784,0
567,29329.49662563735,0.8060017323898544,0.20921108900188257,225350.36563667824,0
568,31401.842016198538,0.8009988120357804,0.16462230921293,210100.59113990908,0
569,26777.3414775026,0.8004798849844609,0.11138479097478408,145161.1983293773,0
570,25033.706470902453,0.797938396319793,0.1959382200201134,186163.76690042403,0
571,48877.61211907675,0.8120292017138874,0.1569672214194299,312020.37831552856,0
572,40604.184672789925,0.8108820311100079,0.19080932956453012,292854.8164713423,0
573,22457.238022586156,0.8097694291559832,0.22442990984299374,179509.66539637314,0
574,53430.549677740186,0.8073944495740459,0.19739647937062235,394190.79113574384,0
575,32227.82228231767,0.8042051416267454,0.30842761551771886,322062.62904128514,0
576,39606.7748419246,0.8063254717525722,0.24013992600873652,333204.99870085076,0
577,27898.300769841862,0.797191120314828,0.17067612042952343,191135.7969542046,0
578,62835.678027635324,0.7750772432373615,0.11625308225373374,364654.69198206405,0
579,46116.59432152738,0.803121270295558,0.21268253633396395,358682.09935214947,0
580,56670.275026780546,0.8044872878831758,0.12423167786036786,321156.9366659345,0
581,30128.198557517015,0.8037667944462886,0.2571729464514977,265984.098591069,0
582,39399.66201114147,0.8213462518933394,0.18923618326970576,280238.1179590468,0
583,25234.612004305764,0.8030179688609614,0.19187233128804945,183609.1207560969,0
584,29541.055130091172,0.8030514823446178,0.1827860458396122,208454.993998017,0
585,28908.929304141384,0.8058194943496048,0.20834306778365128,221849.9805470391,0
586,88710.22817735375,0.814761907025441,0.14910471841379438,547716.5136197691,0
587,61870.28384048776,0.8129889455071505,0.1662308504072762,408067.3605847332,0
588,37244.743270021485,0.7944153481239272,0.1783552848054724,262178.21782653383,0
589,30393.38708666646,0.7966252775654971,0.26591867909013256,274728.5553319075,0
590,30492.887899397472,0.8071413838665679,0.17738501498607834,211420.86423050315,0
591,33601.321246121115,0.798475038847432,0.15303145491162023,216697.63804340866,0
592,26314.576213400516,0.7951425967520324,0.16066057592504018,174211.75908079135,0
593,55958.56800898053,0.7949190802678895,0.1572747209003118,366960.2117363119,0
594,25814.266711184504,0.7987439151773401,0.1684014442541963,175062.45039358857,0
595,89705.49689814357,0.8177510678584031,0.1780374733090925,612343.6752134447,0
596,27758.33059339748,0.7921198896515124,0.14833038708015894,177449.22618768175,0
597,31053.197273066133,0.7940463879572591,0.1362162517516035,189365.92919322828,0
598,33433.59825023978,0.8085903564219764,0.14886223149174807,208508.5608496128,0
599,58099.9632330486,0.8108321775269521,0.15887470926168415,373498.34912142064,0
600,43126.85056680912,0.8069192713120181,0.21560023341678777,337194.5110550982,0
601,28821.248972990717,0.8051249377887792,0.1879601282327755,207258.96908561792,0
602,37632.45419878767,0.8019297188648676,0.16606244283696556,252042.02357531487,0
603,43428.78061216917,0.8072067753004235,0.20694624775300907,331843.6250394231,0
604,41565.25590352917,0.809847376167233,0.1988078236436143,307821.4252777272,0
605,43083.89134517987,0.8048787446200555,0.22151322056227923,344299.57778856717,0
606,33808.70435276303,0.815274353467407,0.18606405581349486,238475.92209649214,0
607,22193.005079929837,0.8063733572308662,0.31002929122885303,221929.35824300064,1
608,56117.09097715686,0.8074634450746145,0.22535569554737522,451775.35083061585,0
609,28055.1637689025,0.8062573817067548,0.13535964699461392,166850.21212370126,0
610,25141.187764872422,0.803850539738698,0.2124556809113807,194952.24278692744,0
611,34851.95740505903,0.7925980661206157,0.12454076876171549,201935.59715669282,0
612,38581.50979300483,0.8086684825838953,0.20455885941196914,291901.5655632532,0
613,37451.94783460415,0.8032673455017827,0.16850466274617484,253950.40755796447,0
614,38384.698498498954,0.809279456136138,0.14245230423571636,233231.92424051792,0
615,54403.794671379794,0.803356136814635,0.18175750481996084,384247.7609475049,0
616,48500.71057575338,0.8089744895753499,0.16360117893484993,318712.63433376665,0
617,38706.27207895646,0.7973923656527865,0.20227687254027119,293260.55225025595,0
618,43286.82460630546,0.796801010379337,0.17279952132826468,299367.5001192469,0
619,25320.257676579215,0.7991695665996739,0.2096012489227915,195823.61949096117,0
620,50102.041605882194,0.7970541227230986,0.12487580118261486,290322.4542642933,0
621,35508.766116303785,0.8033372722963883,0.19317715387806814,260175.85071408632,0
622,25742.851767733246,0.7961250807523064,0.17335000053014388,177803.13556161287,0
623,41002.087773596744,0.8084356327923192,0.1680531708251356,274756.7732921716,0
624,40024.27739283838,0.8123848593408692,0.16864516276313696,266826.10028588714,0
625,38287.703104428285,0.8009772640539271,0.1877557292583527,275736.09982415865,0
626,54208.24335366261,0.8029761086246195,0.23956730485748864,454650.8266818636,0
627,39195.59302154353,0.8038306305474352,0.20273352371037437,296179.1695553573,0
628,37432.5449070524,0.8066034299250218,0.2031942284587814,282233.84196338477,0
629,36414.22101287325,0.8054890105787612,0.1772486663618452,250506.82528458105,0
630,35926.086594297,0.8102271011010139,0.19740131763623717,264399.7915201873,0
631,33610.49474341839,0.8113995967488724,0.182982654329235,235963.30310622975,0
632,45797.13011120657,0.8035960345655447,0.16947557363131477,310648.2562419314,0
633,43262.32748972372,0.7983370695840567,0.12443668556574934,249654.2926208485,0
634,39677.799418160976,0.8095185636631275,0.2541135206136081,345161.4378128357,0
635,35018.49016465286,0.8024662675856957,0.26733403447931614,317250.5564097283,0
636,37287.968270893776,0.7955459645948064,0.31017425302919405,375533.5841459757,0
637,51802.73968029836,0.803391044673494,0.15977360350110967,338057.73540382774,0
638,36358.6832145044,0.8002001469478157,0.15564170907360694,235011.17485103736,0
639,26061.4976003274,0.8028332288096112,0.19581227714993968,192145.3116891113,0
640,70161.90540037978,0.8107591660580654,0.1955630251368903,513461.000991736,0
641,32220.758840249888,0.8063941953818344,0.22605647266953613,260103.73414460727,0
642,21036.67766570199,0.8022638848334857,0.16617118105459264,141078.42530958346,0
643,45839.831702390264,0.8097970358462458,0.2003309923021956,341757.6335363393,0
644,52682.39532534759,0.8001818915744492,0.14276498835139115,325447.9738743212,0
645,62005.47149814029,0.8177408096203866,0.2074719111811175,467144.6172005478,0
646,30118.571718347423,0.7932251115626616,0.11783458424366623,170622.5185741761,0
647,34965.3959389511,0.7987964528365333,0.2285125329386744,286663.722819599,0
648,38716.976589685866,0.8070928875388109,0.19692347869575313,286354.470967215,0
649,22456.983971072954,0.7913749372692005,0.23252089302952358,186772.15870783135,0
650,36897.69165475758,0.8014553022123249,0.13864399607722327,223830.82300453322,0
651,44708.247144950576,0.808521443426078,0.14940040246576763,280305.2259125587,0
652,40255.002841709356,0.8132165793715351,0.2449625676767151,340981.4725509125,0
653,34177.55045359152,0.8059245703775998,0.18408513237342275,242080.1335269928,0
654,39646.85462176352,0.8041655411394816,0.23158659668977905,325476.8142937325,0
655,52233.6492261074,0.8014381996090136,0.2305258838391019,427769.7040131808,0
656,19423.8757146426,0.8039112709522062,0.16071713069859314,127279.35875240545,0
657,36848.490044103906,0.8248894687356848,0.2594554249906817,319780.18369108357,0
658,33841.102607030836,0.798912224859839,0.21340838606257137,265730.2157032966,0
659,31808.548412605705,0.8050799212897362,0.20537961046244294,241523.93651713716,0
660,28802.696292902,0.8052889641476736,0.21817870437429035,227266.9037084548,0
661,42427.8673602839,0.8068298180151338,0.1503887749755182,267898.74182009813,0
662,51091.1310942634,0.7988421671854542,0.27019455557152183,465717.66475469404,0
663,35259.13156551142,0.7927930812171693,0.1177421789891261,200276.68192646132,0
664,30863.158385357736,0.8058556063264389,0.22145235689831883,246342.9841781931,0
665,46515.61112780535,0.8109039348658075,0.19573952324113827,340682.60163494747,0
666,42238.74883899046,0.8136603184894879,0.24528067794241112,358184.5458384582,0
667,49618.95313327377,0.8217504851709457,0.22711270619834065,394354.91767071676,0
668,53468.86884484015,0.8094999435459588,0.197085870341168,393199.966927974,0
669,28325.109484436038,0.8101904994265279,0.16810094269738413,188756.24745888409,0
670,38354.75935342897,0.8146076554747104,0.15495371584673076,243519.09202684567,0
671,38649.49517075591,0.8163513724604171,0.17721783871553679,264021.8412375732,0
672,49710.0327875918,0.8048700652306433,0.17754621717288038,345385.47426422144,0
673,45871.29685037211,0.8016787477156642,0.19064817652009514,334788.5239880133,0
674,48154.91044168021,0.7961142069489189,0.17729107735065175,338591.80577735073,0
675,22149.460124616075,0.8033814359871257,0.2237024530536424,177541.02422256165,0
676,67150.41546094301,0.8133054328361026,0.09604607194995725,329052.7633578481,0
677,41308.36734390214,0.8097975074917859,0.21892530398680513,325706.14571184386,0
678,45580.82569339812,0.8019969238012054,0.1933821340618813,336061.94209578756,0
679,57968.432340745014,0.8132867237648778,0.16755459620142968,384700.00588005374,0
680,30353.129872034042,0.7926088726914642,0.14762226582686958,193835.70137075812,0
681,22272.810689414648,0.7958131928201418,0.1755167602008488,154738.59617156076,0
682,81261.39460041396,0.8008027178400272,0.1391930239962088,492509.24494289025,0
683,50110.02019435612,0.8051088227987689,0.20921630608229533,384820.00981013925,0
684,51469.286441417484,0.812742309995483,0.2168469612144058,401363.5018904623,0
685,34070.90417162711,0.8066100324705238,0.24585272483318565,289921.0361990217,0
686,36661.31461470375,0.8073772085354494,0.23710588250126485,304922.2032893952,0
687,54199.31877124533,0.8031843091427543,0.16303482650413373,356739.1498881141,0
688,21281.070370466554,0.7999860063660151,0.223287957847714,171280.28285556386,0
689,38873.23228069666,0.8023504681589867,0.1897840686203308,281933.4301306056,0
690,33401.61027145855,0.8060308544880946,0.178261095646058,233312.03984032443,0
691,48464.836183251864,0.8074071831874275,0.1896428568742454,349145.8505898787,0
692,37853.82384445797,0.815287322864174,0.2468498189975237,320706.7376177288,0
693,39664.54780155077,0.8008089216984683,0.34989944787534616,434323.2742680782,1
694,48072.16032352606,0.8122776229865843,0.16243563364436017,313381.8822667921,0
695,33367.691438039175,0.8074852756155345,0.2712224692719762,303774.6256157306,0
696,52119.11594718388,0.7987228591679558,0.1710660146299536,355901.4466356191,0
697,64635.4320785359,0.8141052348880591,0.2007358749688024,477456.08428121905,0
698,99095.77766347966,0.7982415820200639,0.13075326449570251,582476.2003009352,0
699,45479.765724504054,0.7955033544811697,0.17040688930096354,313576.1259876482,0
700,26435.404605229334,0.7986200128847945,0.221005600209433,211425.10981477716,0
701,34338.17427686284,0.809927985537806,0.24009948925337263,287595.3186803539,0
702,25106.785634035314,0.801817454489082,0.20324955579146736,189708.64141335213,0
703,19330.141417760056,0.8060534627421152,0.18851892501791054,138564.030400199,0
704,63103.928795936095,0.8205428404093492,0.16276349477394883,405997.1103354193,0
705,47941.62411384384,0.8032143452478265,0.19674757737682347,355650.4394252272,0
706,34049.815673005985,0.7970283679641759,0.1629232681701652,227770.37249516812,0
707,50487.38038994638,0.8081325347987888,0.17991544191690098,351444.01251319854,0
708,34057.18077843199,0.8009684467735232,0.18859259216860078,246423.79744421525,0
709,59787.17665150977,0.8074469634136182,0.16820072560969143,399479.26900118554,0
710,27875.195933429593,0.8094518036670478,0.21640873415709727,217651.07143450002,0
711,36917.80091933163,0.8204561865344481,0.2054276480922185,278695.6664389355,0
712,34561.587265694114,0.8112998985169627,0.16044986032621886,224353.9418854863,0
713,55220.028664363716,0.8092525709701401,0.198435371006599,409051.74249623396,0
714,30626.152648136787,0.8042836055098137,0.1775937651410851,213950.21994027976,0
715,37393.35097598184,0.7988995024345552,0.23089649690820532,308262.6854947672,0
716,33039.748010132804,0.8096983258270817,0.15658372128655307,211806.3852795705,0
717,31753.25979234798,0.80990431077709,0.28857164573165867,302059.2714315245,0
718,45029.18140166084,0.8053773884539491,0.1603208401493599,295242.277996482,0
719,30071.323351943087,0.7989072756388601,0.16523216763884435,201372.9819549366,0
720,41984.32051201782,0.8065105433419996,0.20310204921047387,315867.68503035064,0
721,46170.414446369046,0.7964994755252633,0.13232884029199024,275883.8560759467,0
722,54328.96580916323,0.8373786872601945,0.177198743963673,362894.0728592435,0
723,46512.87470273451,0.8072249814973391,0.19436951262877075,339800.52316032123,0
724,41723.781045655356,0.800907199518851,0.12482976871684005,239423.04160111566,0
725,33897.70949621963,0.8023607113160193,0.1640489579783914,225347.84865095277,0
726,63714.31419477328,0.8145652510821101,0.2378153021145543,526848.0941840819,0
727,27090.9835384527,0.8003142881681852,0.1796921821203999,189837.75071897107,0
728,31846.428825741903,0.7993845038881641,0.15809368141736035,208823.2780592107,0
729,63706.14992152306,0.8199551897238246,0.1975792814481181,463444.2385831599,0
730,43106.97499217598,0.8073137642980068,0.19430726064022955,315922.91208757955,0
731,54529.553641008504,0.7947742360811854,0.2126046480948946,427002.1148601612,0
732,44701.0723752413,0.7651179369456731,0.13017279336177173,276823.28403762187,0
733,107255.77057249134,0.8081505731873814,0.07851378297284153,485742.73176866316,0
734,32596.472109676026,0.8102104669772731,0.23229893432630577,266671.5095504447,0
735,32640.16031099241,0.805336549877609,0.2630777367953998,292982.0125009254,1
736,28886.51939705284,0.8033411745844765,0.19768166634081524,214735.26718059494,0
737,36871.47799919244,0.8029332975550364,0.2092026342549629,284262.8242490246,0
738,52340.31186858384,0.802646956607071,0.1542035291667754,334702.77360314387,0
739,62382.40745636706,0.8165336797559778,0.20500535991126384,467492.12664966215,0
740,44051.27439628511,0.8041671891811746,0.20447708269105605,333200.6498695072,0
741,48401.878873580965,0.8023984867729606,0.19211061648847508,353589.4775060119,0
742,48424.390048914654,0.81227219243127,0.20001071395352246,358394.38692840026,0
743,22680.58290741662,0.806230124933451,0.23772174459124204,188637.37867337465,0
744,44706.479715970716,0.798060618123148,0.13051507357814135,265111.08739313605,0
745,43662.9602117695,0.8104825912377345,0.25930180577504686,385765.07211659825,0
746,39524.4564084791,0.8061382903305552,0.21757493219565543,311980.66713568673,0
747,48137.79574876188,0.7914657852892111,0.2062992461324161,372612.8680681146,0
748,34006.04452966849,0.8128123315644887,0.2021172713520331,254025.13091085528,0
749,27130.90093686073,0.8005322127937721,0.19082857650579424,197818.9393278128,0
750,29846.752620693278,0.808642447534867,0.18360360672413933,210781.23474137703,0
751,25227.85705984367,0.7998183172283305,0.1927120064993721,184488.8275280961,0
752,30096.374374760217,0.8162079040831627,0.2794166967644053,278117.9936990646,0
753,50005.28928155919,0.8014777526451693,0.19766692201049632,371818.1645667816,0
754,42632.54294617744,0.8081507688478268,0.21122060999790362,328689.14679587295,0
755,62544.5122589887,0.8137290666558538,0.1591377428690202,400785.96496780746,0
756,99832.32317759907,0.8082557771336064,0.15420049696845542,633061.6867295842,0
757,39920.021591861085,0.8127691234834552,0.17964987184921957,276957.6173629526,0
758,28627.26643961724,0.7905814724965993,0.16064600215565636,190947.95757789444,0
759,42636.29251852707,0.815676572429339,0.23529031765580996,351171.7247975845,0
760,47177.16011212847,0.7960096863211922,0.09069034314692592,235188.93432643721,0
761,54447.508766823856,0.8035895875496495,0.17863802552014857,379820.1460622951,0
762,24886.663164684007,0.8003899815640467,0.20305350770564987,188629.2525376558,0
763,35821.95288012155,0.8036287815759108,0.18156444676846997,251900.29906145195,0
764,22976.59135944756,0.7944817900114398,0.18673531987657585,166019.52214377967,0
765,51332.637195944546,0.7976836462637668,0.1549159624659655,333690.5926595043,0
766,39469.25314619701,0.8079331764208588,0.15929238848337404,256919.8974508213,0
767,34616.678482200936,0.8089991114234464,0.20455644103804765,261259.69429421079,0
768,77131.20440617819,0.8157680517633266,0.21896086099175996,604567.8856205586,0
769,87180.69216550495,0.8102101286274064,0.0781444848456355,394216.0941655404,0
770,29722.534035393997,0.8056101512643943,0.24978581458126045,257431.33182607644,0
771,39891.66741487492,0.8053738846310858,0.1546244998664914,256064.2031642242,0
772,23474.59547673775,0.8051636795734735,0.17915466158294321,164016.6314205631,0
773,30386.94944217455,0.7985110467601586,0.12257265233831158,173498.38323521178,0
774,32330.023051194756,0.8015742583071066,0.1371792874862046,194790.00225833838,0
775,49626.99478295126,0.8108467268234536,0.17061850818264473,333816.4942403863,0
776,28484.79728054617,0.8053213790281389,0.19965210736423827,212432.63351762976,0
777,26516.41593681146,0.8015046300398389,0.18054932001624976,186583.36728822798,0
778,33067.21120190857,0.8069604107219491,0.17665839310826587,229691.74581012476,0
779,41582.41579630306,0.8180676016907319,0.23578380304884594,342105.7269301809,0
780,38534.94083887328,0.8082170416189707,0.23848733851425288,321454.7918754491,0
781,29168.412320432166,0.7975509994863389,0.2265753883810666,237716.0305136257,0
782,32166.58398801519,0.8073771087477003,0.21118977017483845,248080.1117484669,0
783,41256.352016666104,0.8098031645633222,0.16902505565397077,275643.03636129806,0
784,39915.391522191996,0.8113355056048726,0.222676419167653,317867.09324988857,0
785,43331.606354678275,0.8167380950062547,0.2429163351309606,364279.07545954554,0
786,20414.545545083143,0.8080940097922173,0.21991234743389546,161493.15529958604,0
787,60308.44815525471,0.8195807601701832,0.18711161186558148,424205.4633304577,0
788,104933.74177602534,0.8163990761572626,0.15132384118605882,648143.8367778795,0
789,21990.178340652525,0.7892816671118014,0.0653516055031345,98399.44250738752,0
790,44338.29985837981,0.8013369514909824,0.1589555813937628,290770.34614674887,0
791,51337.44683683704,0.8100075761314008,0.19165203074130693,371119.86270793946,0
792,41393.77219571745,0.8143646407326787,0.26220992768188417,367366.8291762813,0
793,30225.608367251454,0.8092823720920993,0.29754733772547104,293690.89448578475,0
794,19949.13434575152,0.8008596190116604,0.07869123274605958,92687.0365512147,0
795,27407.924312010608,0.8001175389631003,0.2590638341095427,242772.44486979244,0
796,44335.16982066363,0.812245409981049,0.21011690690317306,338550.95651818643,0
797,29980.174790240726,0.8105646589594812,0.16199746452617023,196308.89117041675,0
798,43530.23053616072,0.8119442014171401,0.24044119850961881,364210.18341848796,0
799,57370.44319792042,0.8108680875563988,0.147472965936225,352990.95304931083,0
800,28290.304592351134,0.7933277709751374,0.2203473570527681,227079.2403131831,0
801,30923.64615542686,0.7963561698015112,0.214772901721822,244345.73761405886,0
802,40950.50964548877,0.811356214360171,0.22489823895926167,328060.992983889,0
803,34344.039329979256,0.8101437320308117,0.22604823924776526,275335.5051302609,0
804,29201.5335483629,0.8050844387902084,0.1722697879667471,198858.74565523383,0
805,32578.00368370677,0.8115850415474479,0.22701936018376134,262929.5968147107,0
806,39902.401927607694,0.8220178117579494,0.2518565122961228,342447.2707744031,0
807,58244.53689298575,0.8101465566592383,0.12483012953315109,329446.1378720462,0
808,44270.25860783128,0.8055043185447176,0.18731408680216774,317081.394428608,0
809,56319.70163273718,0.816181070900338,0.2504984793791706,482634.2013964068,0
810,34387.48655121649,0.7985115102979715,0.17106388929487157,235682.02799969303,0
811,23823.85446383906,0.7955418699835537,0.12856116985654606,140327.38120526337,0
812,37620.51040371291,0.8020777510352282,0.20643086621666148,287350.66122145706,0
813,34615.02203943266,0.7884791915171092,0.14056642213130704,215277.4798694157,0
814,50539.581610255176,0.7918753123007072,0.22173344012355375,405936.33475192834,0
815,37233.50409346764,0.7943436863253502,0.15149834505055154,241139.64272795283,0
816,28682.421475005143,0.7987532368650784,0.1526301665107328,184166.84444907383,0
817,119874.67971366853,0.8059486258796372,0.13292146579014877,701449.9593900717,0
818,38037.068084469545,0.8179318299279893,0.24114154936865853,316756.3149826718,0
819,34748.96011607626,0.8018976818575608,0.17708333443585716,241588.72620080027,0
820,67266.42819108162,0.8161607018275981,0.14593409985494857,409015.896638738,0
821,40844.638892465955,0.8179683478074483,0.19595245258759403,297097.373475229,0
822,43455.94859518623,0.8048746998385037,0.24321051161522905,368960.2300110257,0
823,35666.89398752511,0.8078927253350343,0.19150419671260094,258114.8993157741,0
824,43499.44260584393,0.7946154082555928,0.17845985816616114,306767.18004221853,0
825,29069.778305792162,0.8080751194932007,0.17383684924318127,198818.66851684457,0
826,52755.05269265522,0.8029731756476032,0.1536634610667695,336411.4370338325,0
827,88714.40675474603,0.8051588996923479,0.09423707059412897,440346.0215410704,0
828,31312.543958921317,0.8059304357348326,0.20969575871989124,241369.15010934573,0
829,33761.29274006916,0.8049371493733349,0.19378437558447661,247800.01338067136,0
830,37225.51500884163,0.8047488567642632,0.2212072103309863,296048.4558972876,0
831,74607.48551815057,0.8136540401723643,0.20151822128949015,552805.2777847354,0
832,39213.45467478876,0.8050167437951385,0.19121063471038108,285251.9221660418,0
833,32091.995833214234,0.7987126238046061,0.19712502291486494,239189.58894143012,0
834,35016.26896197475,0.8069851971117821,0.19953497312827576,260862.35599066518,0
835,32577.435776947845,0.8040219556935024,0.19054877675111387,236873.50009021565,0
836,36199.59491114988,0.8018263101004016,0.21301469549425392,281871.2365437999,0
837,24028.52198704043,0.7983782481788056,0.17216355452852808,165391.62276412456,0
838,50495.662860953504,0.8132185451398145,0.1784088867208626,347037.85829409875,0
839,23356.587745819113,0.806500890810244,0.2441998638277012,198050.6011947813,0
840,39770.56439815618,0.8134448898360189,0.15104730847172787,248418.28413329655,0
841,16302.60582635485,0.7541320533485634,0.22165903866266068,135499.26330790448,0
842,113573.89818787952,0.8071991415838695,0.13917142951290246,679148.4536146247,0
843,53981.903584795655,0.7973242884849918,0.19931552986172135,405996.9086618513,0
844,24380.18347916006,0.809944953700826,0.225125931937671,195353.97231959322,0
845,29625.119331586673,0.7895501581845622,0.1223491086232763,171891.7722602225,0
846,53997.302996051905,0.8080207595030994,0.21668973154648083,422654.68203505693,0
847,38899.80397570838,0.8045082972911244,0.16824792641103103,263664.4858235228,0
848,39181.83759323048,0.8063716127906685,0.19201861730744754,286380.2410408984,0
849,48557.271038633815,0.8096660494221297,0.18120131168805167,339664.71349549264,0
850,37400.135261482195,0.8060295558211673,0.23100132253152608,306315.40530674433,0
851,30593.382718818266,0.8024515680041251,0.14936220965784017,192977.19189560736,0
852,25983.395402186452,0.797023588221983,0.21740032707778595,206336.21002534853,0
853,54931.88943231054,0.810298701526655,0.17171016654755578,371594.3193992283,0
854,36890.2401296918,0.7991257980418817,0.18488665835898274,264690.97383577254,0
855,35162.664812137635,0.8027334467664465,0.1909351004573532,256181.81312091538,0
856,42821.394567447285,0.8067065076074399,0.19579020360138996,315775.4836043758,0
857,47238.503206184374,0.8061967773294592,0.15710764718955533,305240.2669182208,0
858,29578.5092598636,0.7973919766628577,0.1350349225803887,177242.3002505146,0
859,45618.20916623089,0.8063109135149329,0.13057385554097695,266428.9189573833,0
860,36545.8420426369,0.8083317114726879,0.18893651982857038,262646.5703510663,0
861,22590.891994316444,0.8005169030781829,0.15848623265757938,147310.7586432853,0
862,47745.900780584314,0.8070976136761617,0.1587530229886544,309866.07935096894,0
863,52493.90230079158,0.797476816980257,0.1330840691073106,314339.0535651504,0
864,25903.310587052783,0.8021325356734968,0.15418535369766997,165800.3414378744,0
865,47283.889860028205,0.8110588446465724,0.16443698760618974,310160.6059148442,0
866,41061.42273733674,0.8095367678077031,0.20289677644274656,307965.5139051911,0
867,30570.765879644798,0.7901205164265301,0.1397494002612712,189709.0881066504,0
868,56411.51351286444,0.8179320449152916,0.1736088701164243,379085.7166700556,0
869,34633.90602885054,0.81145258423204,0.24494080803678922,293811.3082692418,0
870,40877.77931007032,0.8056828680571033,0.12986056071796584,237465.28733633622,0
871,40821.56289428815,0.8074755474452956,0.1629238592246531,268792.90728257736,0
872,44833.08716824466,0.8055556902182619,0.1795323528476592,312065.91017627483,0
873,21691.107883000685,0.8060006437936738,0.1563017117240697,139032.70606059892,0
874,29139.338899976778,0.8096200227400147,0.1666429117026605,193777.5586276741,0
875,29114.224225899754,0.812055966012167,0.24644191367644105,247493.93448457308,0
876,53967.33737130793,0.814345238426426,0.2633496766090372,409607.18973204173,0
877,37530.42227274585,0.7997853676547614,0.16276915596266936,249362.96153024075,0
878,50539.13774083347,0.7995915369839196,0.21074524434852648,392594.71997406706,0
879,23335.355923227202,0.8032652163314264,0.19904023413263605,173699.85076830463,0
880,45512.461516207186,0.8121350228823312,0.14545479091869803,279366.5545877214,0
881,24975.509966219404,0.8022420911149913,0.241323869046346,211566.45273947497,0
882,36866.85839925604,0.8033001823289548,0.1355164774492979,220492.37419265503,0
883,27824.8062646486,0.8020536518736756,0.1411267551360082,169943.64328579558,0
884,36335.313885762305,0.8005206370258551,0.19052610179912266,265034.12608267413,0
885,35857.47934326367,0.8053773999191426,0.11397513603405662,195288.62219586226,0
886,40184.28195512301,0.8064603996649214,0.168344049649142,269351.5883310012,0
887,40485.811293715866,0.8048979620455843,0.20672018707465994,310172.0840442204,0
888,52312.19438449731,0.8008181895632338,0.1554981234177677,337377.92030983296,0
889,24656.328388073514,0.8034223963626408,0.21114286931937792,190703.91122702323,0
890,36710.86171342189,0.7984074800878611,0.19257596738950777,270280.8016924128,0
891,43490.16695823707,0.800949363193933,0.15247185783429118,278826.99054055265,0
892,43681.553863275505,0.8088757501668746,0.24406311635738823,370031.68311717955,0
893,36948.35838257436,0.804813314900534,0.12516778535224757,211950.81009768185,0
894,50735.38135330258,0.7921817800913779,0.2506053346535642,441983.09444911237,0
895,57332.7498370507,0.8050721914426777,0.15036142169214498,360427.928689362,0
896,39901.92793946603,0.8081336382068495,0.13867117131109635,240547.75426922907,0
897,18983.17954881649,0.8034460727832312,0.18856235294742565,136189.56302699097,0
898,39564.268000534255,0.8006338066864621,0.26399550572801594,355371.19593191927,0
899,30665.01190280183,0.8111065865455048,0.23784435606094936,255129.5452866553,0
900,36783.610251837585,0.8007958149657405,0.13993024648038443,224575.0694961289,0
901,40919.931122174974,0.8169858748183101,0.21278789195992504,314958.5614716742,0
902,25538.172839176925,0.7948235836895876,0.14901614479047937,161949.737387571,0
903,66328.04328868564,0.80062354558404,0.15148414000936244,420559.3537074381,0
904,32853.49529745452,0.8136658181608424,0.1899416108829887,235970.02997779063,0
905,40177.62752598466,0.8095017442561226,0.16967470348002942,270357.03942423116,0
906,60333.148994280804,0.8150595574225787,0.17067874444577552,404319.422308482,0
907,40722.01354605363,0.8002953244563343,0.14254197188697884,251305.2308584234,0
908,23988.702223886212,0.8073395934551125,0.27145939065074887,218597.04562296893,0
909,65354.72517156438,0.8086703898544518,0.2951276181233881,587185.8994939029,1
910,34934.228056322565,0.8045223097071335,0.21630375971037025,274320.13237679476,0
911,57404.97684700859,0.8037423874287626,0.18178138406013575,404236.4393019481,0
912,33753.87138794228,0.7960762260242654,0.14214540462914613,209580.0044764725,0
913,51484.06884138678,0.7968035547111124,0.23449306713456522,428180.75318101014,0
914,54452.838594186425,0.7994266002030516,0.17116080411021709,372862.1606548581,0
915,38523.50571280603,0.8082380308002025,0.1430154214603859,235168.70013508512,0
916,32505.260018967507,0.8008478680283498,0.15000995027856429,207087.60627155378,0
917,38620.97279742203,0.805205764044944,0.19739317527978087,285844.2970220897,0
918,30726.939271536357,0.8045263088005825,0.21123828938158357,237506.93106545584,0
919,32107.973568545654,0.8066467550874157,0.17774572134987116,223615.52614915944,0
920,35804.30956036453,0.804796009259006,0.13885636756285152,217308.22825113081,0
921,52871.67140643359,0.8094686251481356,0.1597490569320809,342261.90603578585,0
922,45120.20663921262,0.8069013647440398,0.1606716407184397,295006.5390487381,0
923,32296.78265745251,0.8003967847559601,0.1164587678530993,179014.0837556409,0
924,26782.70280837645,0.811443339076873,0.21032193399089172,203991.07654174487,0
925,41177.770737606574,0.7966996464339883,0.13010454672753516,243885.79654584746,0
926,44340.43292213382,0.8117725702926799,0.21479199201280771,344627.60236426455,0
927,38912.367961966454,0.8147781679927509,0.21023465260573998,298301.0783721584,0
928,47717.49721440462,0.8119615666615289,0.27156535758626793,433711.10907757503,0
929,34431.53622554835,0.808922642182601,0.17777078656110218,237907.79052980733,0
930,40783.41270946221,0.8029384197671882,0.17533180620988734,281888.49220242247,0
931,26121.83233897941,0.7774662912792039,0.13764611602207275,164104.17394655859,0
932,42924.528976507405,0.8013143247898614,0.16923157121942833,291518.6746451679,0
933,43818.42831109295,0.7991504420617901,0.1739190508107354,303101.8857850412,0
934,39858.79453209211,0.8039222445062798,0.17709473189034233,277568.8591421383,0
935,33623.406970212185,0.8000938133130205,0.20015370515434155,253250.86989292994,0
936,39595.244431682804,0.811083151816364,0.16114936778604738,258373.01654572506,0
937,46024.91096872803,0.8093363786568519,0.20412111273222022,347497.9773741013,0
938,54818.98957013719,0.817233952780121,0.1690696507775543,363620.79323104216,0
939,35034.650082503395,0.8057592142407678,0.197835630355633,259542.85446798877,0
940,45389.30373251612,0.7944855837927051,0.18643834727325606,328464.12712891726,0
941,30730.038046193855,0.8061575511960675,0.18678111483282195,219388.02441882453,0
942,37480.443261003944,0.8094981469572128,0.2223145187863175,298285.63174289174,0
943,42529.94119125407,0.7951885892351225,0.1565939072595936,278516.11956852744,0
944,42743.034967641644,0.8025352919723671,0.15964957366143503,281564.70580286864,0
945,25295.68815154425,0.8002935608279401,0.16495059047312727,168974.51437083413,0
946,25246.579496260103,0.7917601860198348,0.16909948994847232,173317.89916595168,0
947,45357.89311325016,0.8103859636998386,0.14348513900964144,278276.034721519,0
948,58391.02290856417,0.8072836194486728,0.08500419731143764,274862.4742503521,0
949,31701.24810361425,0.8051573253524194,0.26631834141487315,285457.5779109553,0
950,33003.83294421049,0.810524946096881,0.20731511033125877,251095.12126734733,0
951,47796.304717263985,0.8172027730448814,0.2014738101136111,353777.0837943685,0
952,35287.64541139117,0.7959929229167634,0.1441775367514305,219725.72137602433,0
953,31351.713650173486,0.8112027743198957,0.20985843814711644,239994.23840720032,0
954,40089.34803649643,0.8127272003489748,0.21730451397084707,314919.70480748033,0
955,30329.85636327357,0.8050708475969329,0.19867345216853596,226216.62414400963,0
956,18961.47014520116,0.8021851664857855,0.17089129362432318,128846.75221263643,0
957,48781.48520075331,0.8080702293096363,0.21664204418146552,382235.94487983006,0
958,22995.92990718377,0.8060246316114211,0.13737887893477008,137751.67228457477,0
959,42341.97670388343,0.8042918526694866,0.17976242713807702,296692.7620574958,0
960,40322.64108481571,0.8159366289905851,0.2298149638189624,326655.91227776726,0
961,38257.146069121234,0.8063372145615265,0.1750462643811422,262670.32364816434,0
962,40401.54623187931,0.8134337918668813,0.25221480430366044,348521.8686322135,0
963,64474.992309727924,0.8034183267014977,0.2581023399513345,567458.5279688268,0
964,53927.33100383995,0.810997062248056,0.17958461432767464,374966.31843585277,0
965,46780.39582917472,0.7944695661187872,0.22567656439622294,382797.89955127286,0
966,28741.947300654632,0.802574273306992,0.13449262746527763,171167.3361231919,0
967,47263.46701428517,0.8036878795005461,0.1671540045561766,317507.45807934384,0
968,43418.97042504139,0.8066588142720343,0.1512445516161398,273182.79828480375,0
969,22788.088876251924,0.8051822813004476,0.17699345989101803,158331.22738922047,0
970,17924.244163401378,0.7843103284748553,0.18216378034323816,128539.33504680173,0
971,51974.923670355034,0.7908817561640162,0.4171236272673377,596877.8363393578,3
972,19605.941176514687,0.8018270954323049,0.24441753658682172,166412.68484303475,0
973,42085.53545806849,0.8172389677828338,0.2128352788316701,323732.88343699585,0
974,69499.56047590423,0.8151978310237855,0.13868766638236044,410443.4442039278,0
975,44901.39462139579,0.799905609488826,0.16897894446359407,305346.49206254387,0
976,40851.12744793959,0.8113462353146998,0.2205468997950301,323330.2929591409,0
977,26946.869983906217,0.802486575313547,0.2724571324266123,247113.6626550239,0
978,44480.19150602958,0.7991855403597639,0.2093524553154617,343231.18948598905,0
979,39196.450566707805,0.813356368547937,0.23894916716785874,325358.81667504,0
980,37713.50835965079,0.8136247452095823,0.20794504403810676,287182.2589862155,0
981,43485.060180664455,0.8028060347558993,0.19957103565213669,326343.4805948803,0
982,49126.72026349475,0.7917362774494515,0.21613746844794848,389920.8401727557,0
983,51413.73962634603,0.7904278641440257,0.22276175718375144,417146.32384412515,0
984,37014.571214699245,0.8059060889955862,0.23774794483178469,309061.3284592558,0
985,49484.38624126951,0.8008084402189759,0.1781189252278419,347171.1512510197,0
986,29690.13780722433,0.8127692191027832,0.2169976478208779,231960.7605553972,0
987,39755.13373916695,0.8063677374087109,0.1821579446598413,280595.48519919935,0
988,28842.095342796558,0.7997567636143413,0.1212636156937312,161500.62566338605,0
989,30601.351552630287,0.8111406593501954,0.16905493035936092,204700.53692388427,0
990,37821.88758038458,0.7958534381406543,0.21203578693643227,296397.20004469284,0
991,34913.54474004808,0.8022489985610629,0.16892663076369913,236184.37738650353,0
992,31816.622848836258,0.8058199593899504,0.1603373034548477,207946.13909550285,0
993,45531.007022769736,0.8031057718349338,0.21795889880163494,360050.37111410184,0
994,29429.040453999267,0.8023861802389726,0.2639192669291944,264293.6803293671,0
995,55879.44328614031,0.8121037844435476,0.18689208105346697,395202.43442221446,0
996,41918.18304798332,0.8233057455030652,0.25425703772995084,362181.9910788249,0
997,29243.70321793417,0.8032141877002205,0.2599396273978273,259934.6001385452,0
998,26324.99171690416,0.7987005448066373,0.15125265599990617,167882.08034976604,0
999,53251.52419066119,0.8106914478466061,0.25826894689550245,467304.6397211284,0
1000,42829.77814434281,0.804006763382355,0.1453571785730868,266440.68762445194,0
1001,34258.81892412039,0.8029606271015403,0.24043998969708885,288742.4321523435,0
1002,39468.627261279136,0.8014849710996528,0.19211616968292827,288964.5212343992,0
1003,40991.404500395365,0.832000266661389,0.242455071814233,340344.4864105527,0
1004,32585.078445671166,0.812043839708948,0.23950921837545702,271963.63413220475,0
1005,37239.68683514686,0.796410607624187,0.13819931509097236,227541.61578059805,0
1006,39796.80840622889,0.7993707246787125,0.19696060205642146,296703.3300200227,0
1007,43079.74528240362,0.8035564141240789,0.22021400220923998,342391.2844043023,0
1008,33480.7645447139,0.801593251995064,0.245609834968863,286586.93943095853,0
1009,27894.796696279558,0.7963218142275175,0.1269531931412093,162631.99024822193,0
1010,54002.24797121163,0.8109678422355867,0.20745596684801224,409283.18867523846,0
1011,41561.02270246967,0.8045242842006627,0.16197294561154876,273744.82274849626,0
1012,34675.1387491938,0.8043774009438535,0.1427858942866516,213383.58245667804,0
1013,21549.49861566687,0.8064539468886572,0.21546352899382584,167469.5698537257,0
1014,60233.38068925421,0.8098852304015869,0.24119801668674828,504736.64176167443,0
1015,36120.440969910254,0.7978413312758639,0.18202983338017925,256921.7391133861,0
1016,33103.02332113882,0.8087149668156888,0.25726782313481644,290161.519192883,1
1017,38543.83964341912,0.8160616900853445,0.17075824076411686,258053.17808470284,0
1018,64691.67520127069,0.806768661606017,0.16280585384333726,425524.4714136048,0
1019,51051.764273078144,0.7980039113474966,0.24470094983484678,435708.6557297905,0
1020,51123.318380887846,0.8066405529822702,0.14947224011252594,320900.6822038578,0
1021,55305.65285798908,0.8025924514281678,0.12066043487467744,310603.2574276939,0
1022,43814.63676350834,0.8077947842564404,0.22515121616893172,352121.348704594,0
1023,34037.582625730865,0.8061187161601551,0.2201554360602548,270707.5385072795,0
1024,35672.21841929296,0.8057720344203796,0.1855611714613714,254051.13178543656,0
1025,43465.38725567079,0.7968684440065142,0.1524260080569528,279855.1863034556,0
1026,56252.17918951566,0.8078131124869816,0.20951276350288914,431938.25775767793,0
1027,74945.20514170518,0.810723718396314,0.21593350945596917,584409.5298515664,0
1028,29864.504754449175,0.8090991960433047,0.26813769294309137,270111.4010893096,0
1029,32033.553738527207,0.808662886678744,0.16340905235198563,210861.2561235337,0
1030,20780.5267372803,0.804746886050221,0.2364977652527652,172750.01231113396,0
1031,27820.83555322936,0.8112537503113916,0.2635420941639774,248194.9938913457,0
1032,53204.39331515172,0.8049140949398473,0.20300248004390833,401127.5744025951,0
1033,80770.49129241802,0.833890472109524,0.19236662992049972,568493.8611249895,0
1034,37322.03428865683,0.8097195826182046,0.23864269273713265,310534.084838202,0
1035,27793.47020220196,0.8085754818014426,0.24238398009259288,233553.83547079517,0
1036,31025.089065695553,0.7982260097240745,0.1719826894274626,213184.45299671363,0
1037,38178.67368208471,0.7980483626418184,0.18234882366902455,272674.36159210623,0
1038,34343.61397871953,0.7938711287287769,0.16272207284161566,229921.55968882452,0
1039,48002.860895859216,0.8073225369960363,0.16720577730008504,320534.3526524784,0
1040,51421.65361635057,0.8102101664543931,0.2065706930824393,389791.9285402907,0
1041,35883.26325107271,0.8028827570578055,0.15229316305809945,230004.2756086493,0
1042,23926.41220685172,0.811698622069445,0.1947069133789616,173897.00052548567,0
1043,48372.43583212229,0.7915747788447266,0.17844735543318624,342985.21624889446,0
1044,36648.350564510896,0.8064394695733067,0.20000875762928727,274816.9527259172,0
1045,53873.87705238876,0.7824110942572877,0.1194913401602932,313792.48505003424,0
1046,53685.8943375512,0.8003783951262555,0.21489580916806905,421473.6441224938,0
1047,29329.110670205224,0.8015109025601383,0.2132292634226412,229586.65531492274,0
1048,43964.53420846141,0.8100140375587942,0.2292278703204638,356964.87745985144,0
1049,22527.56201300071,0.8010989172297412,0.1571494361204562,146392.44043453824,0
1050,42317.40169181843,0.7957040370740633,0.1821490075282091,301349.6194449391,0
1051,45833.46693850708,0.8121362189829824,0.19235543478805425,332247.58980720246,0
1052,42047.114468637374,0.8109579167237602,0.1845228306383348,296509.33147061785,0
1053,52832.53921397521,0.7997641693875203,0.23275468885354197,436174.24853275635,0
1054,36342.14319586933,0.8056332721680582,0.2308250636342095,297482.8087332434,0
1055,45372.4459451691,0.8004037321435435,0.21036010784505418,352175.54698038247,0
1056,27064.232686097763,0.8028754755724712,0.18614218569516341,193484.06028538878,0
1057,37647.376721692555,0.8073660199628996,0.18727827007172368,269039.55662658275,0
1058,42439.80011396737,0.8088493608161575,0.1779037811856464,293376.5736768677,0
1059,52663.110371584495,0.7965621478295619,0.1859783591603573,380317.9341573925,0
1060,43332.58791765928,0.8066047934254843,0.18906590443875385,311923.1660053098,0
1061,47482.19719279961,0.8098703887146419,0.1777923346051129,326841.30494332867,0
1062,36678.575923099364,0.8024701303235732,0.23937416953401028,308582.00048616406,0
1063,27306.148037242794,0.7988457553474438,0.21705908986115371,216106.3745371758,0
1064,57415.58590056847,0.7987770594691856,0.15512187321790719,371081.14442024135,0
1065,25197.01114742077,0.7868131453986101,0.13476939334375176,154334.29340861327,0
1066,62920.54895234616,0.8160941635197122,0.11666105899425532,338804.79848711664,0
1067,36026.111490618016,0.7974518945032667,0.18032777611151343,254265.06761211023,0
1068,27116.821311632822,0.8020482643946424,0.1747126370433493,187301.50109559752,0
1069,37634.3934052431,0.7977194022895969,0.1968458463958807,281113.2491303173,0
1070,42080.83500725875,0.8063359988386818,0.21090320628695203,323981.3155340282,0
1071,36534.98956591769,0.7959501134022062,0.15369872199849097,236609.71245594503,0
1072,42516.46180151923,0.8043067556109298,0.17752600740225644,295056.231325446,0
1073,53151.30460615154,0.8113516675831749,0.18188811720219095,369617.21525631787,0
1074,30387.343564351926,0.8081147396167444,0.24477678881865197,258449.60088932066,0
1075,69006.84711755592,0.8063669729714944,0.1024869413597904,355085.15066675405,0
1076,24407.969364849712,0.8009167516356299,0.1777855830066714,170495.01610946163,0
1077,26851.486598802738,0.7993715757869201,0.17636766469229698,186381.04918391403,0
1078,42755.46047747311,0.8120045389223148,0.2618853899427433,381043.0751836841,0
1079,48403.52906037619,0.8017203156058311,0.23089718415558672,398582.5531105182,0
1080,61281.2641493336,0.8100746661753725,0.13801321085127755,364369.48119391454,0
1081,42220.872741439154,0.7853485383973632,0.13873281517508676,258316.83599990097,0
1082,38335.4580990045,0.8021983214899233,0.20541507489685754,293036.06300242885,0
1083,33524.26042857937,0.8003834738038872,0.15599179538253144,217785.67633892872,0
1084,36746.157534234895,0.7924067944223504,0.12486401186648181,214402.10558832207,0
1085,41715.412315984315,0.8051441798885992,0.2094320852043005,321169.48948974296,0
1086,34920.05948731267,0.8023412670444214,0.29801387773173244,340782.6034229133,0
1087,39213.52833393518,0.8060716605499737,0.18050978660497988,274632.10795125435,0
1088,31164.26702746643,0.8077735037796322,0.20523350722391984,236047.12585054943,0
1089,61232.386679001436,0.8146339582389184,0.16781267356931753,405005.99018754216,0
1090,38470.5085608812,0.8022425469018206,0.21601539509040935,302869.84444466006,0
1091,48901.25503003403,0.8125735287099187,0.20757108833825186,371763.6098647185,0
1092,70050.42023985619,0.808984602316518,0.11351156937528793,376367.9567951361,0
1093,49926.021442557816,0.7945013268005916,0.16707162104242215,337328.10870414897,0
1094,28681.11244078955,0.8066661340764804,0.13825187428294333,172309.19445050354,0
1095,28235.445208884397,0.8097120013432944,0.17688419028600194,194327.83738024515,0
1096,35542.86618189066,0.8039199965224052,0.19779198133469475,263951.11942855205,0
1097,76080.06721909366,0.8068979597843483,0.093319045277596,371869.25068600976,0
1098,30865.941444061027,0.8100282330426541,0.18446480552291572,217980.65830930165,0
1099,52339.53141040787,0.7881979819840962,0.12152820365701535,303782.52801727026,0
1100,30082.36670699406,0.7969834496041708,0.27099011822763575,275830.0292821436,0
1101,60167.59903711519,0.803786492639936,0.21080268187708637,464126.0140384842,0
1102,39300.735426645384,0.8047698398041048,0.140685469337193,239914.694219086,0
1103,33597.759130173145,0.8094397934483669,0.20885311242752658,256858.70462567476,0
1104,31548.294064974754,0.8056619694363071,0.19283142085097976,230953.83682017235,0
1105,31063.34023857635,0.808718663364182,0.2418033747698193,261973.18934498657,0
1106,29061.316757580815,0.8044957554105233,0.1858173911813608,207940.59919701063,0
1107,36797.90989066685,0.8073650645284584,0.2655784350233037,330707.0318089917,0
1108,34653.8729302992,0.8034384682866663,0.2753184663510832,319420.83975309145,0
1109,28068.95722888409,0.8072726656448344,0.19158187827263298,203255.13968076307,0
1110,29106.16799166952,0.8043808789161205,0.2459879280427167,248937.20359313834,0
1111,28178.76661044782,0.8026182635977236,0.21133384806914846,218345.10909855703,0
1112,53606.824709702145,0.8144062013194262,0.23377184325468867,437443.2253250011,0
1113,38267.46440266814,0.8110030930685749,0.1551178703664233,243710.38436612178,0
1114,129272.73508075874,0.8033741008693877,0.12473957838301901,734482.5105349048,0
1115,41066.62015288235,0.8083985154835082,0.20225040503357666,307383.0385745454,0
